Pclass,Sex,Age,SibSp,Parch,Fare,Embarked,name_length,title,title_group,family_size,is_alone,ticket_group_size,fare_per_person,age_fare_ratio,cabin_deck,cabin_room_number,cabin_score,name_word_count,Survived
1,female,35.0,1,0,90.0,S,47,Mrs,Mrs,2,0,2,45.0,0.3888888888888889,C,93.0,9.173135754622429,7,1
2,male,19.0,0,0,10.5,S,31,Mr,Mr,1,1,1,10.5,1.809523809523809,Unknown,,9.06472110964547,4,0
2,male,34.0,0,0,13.0,S,28,Mr,Mr,1,1,1,13.0,2.6153846153846154,Unknown,,2.131047040250833,4,0
3,female,4.0,0,2,22.025,S,35,Miss,Miss,3,0,1,22.025,0.1816118047673099,Unknown,,1.1483682473920354,4,1
2,female,21.0,0,0,10.5,S,17,Miss,Miss,1,1,1,10.5,2.0,Unknown,,3.922440450997323,3,1
1,male,19.0,1,0,53.1,S,25,Mr,Mr,2,0,1,53.1,0.3578154425612053,D,30.0,0.6420893707513409,4,0
3,female,41.0,0,5,39.6875,S,38,Mrs,Mrs,6,0,6,6.615,1.0330708661417325,Unknown,,8.505817290942419,6,0
3,male,30.0,1,0,16.1,S,24,Mr,Mr,2,0,2,8.05,1.8633540372670805,Unknown,,7.43946292572677,4,0
3,female,,0,2,15.2458,C,29,Mrs,Mrs,3,0,2,7.623,0.0,Unknown,,0.8692028808742369,4,0
2,male,57.0,0,0,12.35,Q,30,Rev,Other,1,1,1,12.35,4.615384615384616,Unknown,,8.512069140487688,4,0
2,male,24.0,0,0,10.5,S,33,Mr,Mr,1,1,1,10.5,2.2857142857142856,Unknown,,2.322126951468173,5,0
3,male,61.0,0,0,6.2375,S,25,Mr,Mr,1,1,1,6.238,9.779559118236474,Unknown,,9.148459010681,4,0
3,female,38.0,1,5,31.3875,S,57,Mrs,Mrs,7,0,4,7.847,1.210673038630028,Unknown,,9.44765729882428,8,1
3,male,21.0,0,0,8.4333,S,30,Mr,Mr,1,1,1,8.433,2.490128419479919,Unknown,,3.351188542591419,4,0
1,male,49.0,1,0,89.1042,C,24,Mr,Mr,2,0,2,44.552,0.5499179612184386,C,92.0,3.8929561404197655,4,1
1,male,32.0,0,0,30.5,C,25,Dr,Other,1,1,1,30.5,1.0491803278688523,B,50.0,6.780161525590636,3,1
2,male,30.0,0,0,13.0,S,26,Mr,Mr,1,1,1,13.0,2.3076923076923075,Unknown,,6.334782198261473,4,0
3,female,,3,1,25.4667,S,18,Miss,Miss,5,0,4,6.367,0.0,Unknown,,1.4011317576645257,3,0
3,male,17.0,0,0,8.6625,S,19,Mr,Mr,1,1,1,8.662,1.9624819624819625,Unknown,,4.866689414247029,3,0
2,male,52.0,0,0,13.5,S,26,Mr,Mr,1,1,1,13.5,3.851851851851852,Unknown,,7.704074178077932,4,0
2,male,,0,0,15.05,C,16,Mr,Mr,1,1,1,15.05,0.0,Unknown,,4.254364386164168,3,0
3,male,19.0,0,0,7.775,S,27,Mr,Mr,1,1,1,7.775,2.443729903536977,Unknown,,2.4317219099945406,4,0
3,male,32.0,0,0,7.75,Q,19,Mr,Mr,1,1,1,7.75,4.129032258064516,Unknown,,1.6704190790094986,3,0
3,male,,0,0,7.225,C,23,Mr,Mr,1,1,1,7.225,0.0,Unknown,,8.496473906774115,4,0
3,male,44.0,0,0,7.925,S,25,Mr,Mr,1,1,1,7.925,5.55205047318612,Unknown,,4.252135044692334,4,1
2,male,32.5,1,0,30.0708,C,20,Mr,Mr,2,0,2,15.035,1.0807826861939158,Unknown,,5.116774421156661,3,0
2,female,34.0,0,0,10.5,S,28,Mrs,Mrs,1,1,1,10.5,3.238095238095238,F,33.0,8.620426509893134,4,1
3,male,,0,0,7.225,C,17,Mr,Mr,1,1,1,7.225,0.0,Unknown,,6.960206180537922,3,0
3,female,,2,0,23.25,Q,18,Miss,Miss,3,0,2,11.625,0.0,Unknown,,0.1309445658833363,3,1
3,male,,0,0,7.8958,S,21,Mr,Mr,1,1,1,7.896,0.0,Unknown,,8.32134177957742,3,0
3,female,1.0,1,1,11.1333,S,28,Miss,Miss,3,0,3,3.711,0.0898206282054736,Unknown,,1.7088758739006582,4,1
1,female,36.0,0,2,71.0,S,23,Miss,Miss,3,0,2,35.5,0.5070422535211268,B,22.0,8.747016726841995,4,1
1,female,35.0,0,0,512.3292,C,16,Miss,Miss,1,1,3,170.776,0.0683154503003147,Unknown,,3.4208174871590744,3,1
3,female,,0,0,7.225,C,23,Mrs,Mrs,1,1,1,7.225,0.0,Unknown,,8.647223762550531,3,1
1,male,52.0,0,0,30.5,S,30,Major,Other,1,1,1,30.5,1.7049180327868851,C,104.0,7.380336164263705,4,1
1,female,30.0,0,0,86.5,S,20,Miss,Miss,1,1,3,28.833,0.3468208092485549,B,77.0,8.767656367617494,3,1
1,female,,0,0,79.2,C,30,Mrs,Mrs,1,1,1,79.2,0.0,Unknown,,7.624586857406905,4,1
1,female,42.0,0,0,227.525,C,21,Miss,Miss,1,1,4,56.881,0.184595099439622,Unknown,,7.222669318556591,3,1
3,male,26.0,0,0,56.4958,S,14,Mr,Mr,1,1,7,8.071,0.4602112015406455,Unknown,,0.3394597858579884,3,1
3,female,18.0,0,0,7.4958,S,25,Miss,Miss,1,1,1,7.496,2.4013447530617147,Unknown,,1.6748258225906976,4,1
2,male,30.0,0,0,13.0,S,18,Mr,Mr,1,1,1,13.0,2.3076923076923075,Unknown,,7.694929331919369,3,0
3,male,23.0,0,0,7.8958,S,18,Mr,Mr,1,1,1,7.896,2.912941057270954,Unknown,,4.552201490818012,3,0
1,female,47.0,1,1,52.5542,S,48,Mrs,Mrs,3,0,2,26.277,0.894314821650791,D,35.0,3.910815366517607,6,1
2,female,40.0,0,0,13.0,S,25,Miss,Miss,1,1,1,13.0,3.076923076923077,Unknown,,0.3654966784809488,4,1
1,male,56.0,0,0,30.6958,C,23,Mr,Mr,1,1,1,30.696,1.8243538203923664,A,7.0,9.293759891275858,4,0
3,female,18.0,0,0,6.75,Q,28,Miss,Miss,1,1,1,6.75,2.6666666666666665,Unknown,,1.607598960483082,4,0
3,male,,0,0,7.8958,S,18,Mr,Mr,1,1,1,7.896,0.0,Unknown,,6.166503145207381,3,0
1,female,23.0,1,0,113.275,C,22,Miss,Miss,2,0,3,37.758,0.2030456852791878,D,36.0,5.830415609696922,3,1
2,female,33.0,0,2,26.0,S,45,Mrs,Mrs,3,0,2,13.0,1.2692307692307692,Unknown,,1.8057534512733355,6,1
1,male,36.0,0,0,40.125,C,19,Mr,Mr,1,1,1,40.125,0.897196261682243,A,10.0,5.126885110165086,4,0
3,male,22.0,0,0,8.05,S,21,Mr,Mr,1,1,1,8.05,2.732919254658385,Unknown,,7.795844735667533,3,0
2,male,51.0,0,0,12.525,S,26,Rev,Other,1,1,1,12.525,4.07185628742515,Unknown,,3.5609672589784624,4,0
1,female,35.0,1,0,83.475,S,44,Mrs,Mrs,2,0,2,41.738,0.4192872117400419,C,83.0,4.626797856696064,6,1
3,female,,0,0,7.8792,Q,29,Miss,Miss,1,1,1,7.879,0.0,Unknown,,4.505441353100935,4,1
2,male,,0,0,0.0,S,32,Mr,Mr,1,1,1,0.0,0.0,Unknown,,6.946964708544268,5,0
3,male,,0,0,7.2292,C,16,Mr,Mr,1,1,1,7.229,0.0,Unknown,,1.1355759219962902,3,1
3,female,17.0,0,0,14.4583,C,21,Miss,Miss,1,1,2,7.229,1.1757952179716842,Unknown,,6.18254771530296,3,0
1,male,,0,0,29.7,C,20,Mr,Mr,1,1,1,29.7,0.0,C,47.0,0.4010919141248248,3,1
3,male,32.0,0,0,7.925,S,18,Mr,Mr,1,1,1,7.925,4.037854889589905,Unknown,,8.302198645669916,3,0
3,male,31.0,0,0,7.925,S,18,Mr,Mr,1,1,1,7.925,3.911671924290221,Unknown,,6.855652872289713,3,1
3,male,22.0,0,0,7.7958,S,19,Mr,Mr,1,1,1,7.796,2.822032376407809,Unknown,,8.926717110769749,3,0
1,female,39.0,1,1,110.8833,C,52,Mrs,Mrs,3,0,4,27.721,0.3517211338407136,C,68.0,6.496466489923685,7,1
3,female,,0,0,7.75,Q,18,Miss,Miss,1,1,1,7.75,0.0,Unknown,,7.972953657795536,3,0
3,male,29.0,0,0,9.5,S,27,Mr,Mr,1,1,1,9.5,3.0526315789473686,Unknown,,6.4087474480321465,4,1
2,male,29.0,1,0,27.7208,C,25,Mr,Mr,2,0,1,27.721,1.046145854376497,Unknown,,2.707446731435538,4,0
2,male,0.83,1,1,18.75,S,31,Master,Master,3,0,3,6.25,0.0442666666666666,Unknown,,4.626229567393163,4,1
2,female,24.0,1,2,65.0,S,19,Miss,Miss,4,0,2,32.5,0.3692307692307692,Unknown,,5.5085737060913935,3,1
2,male,47.0,0,0,15.0,S,23,Mr,Mr,1,1,1,15.0,3.1333333333333333,Unknown,,2.204862090701753,4,0
1,male,26.0,0,0,30.0,C,21,Mr,Mr,1,1,1,30.0,0.8666666666666667,C,148.0,7.067772168854458,4,1
3,female,30.5,0,0,7.75,Q,18,Miss,Miss,1,1,1,7.75,3.935483870967742,Unknown,,9.866625932671464,3,0
2,male,36.5,0,2,26.0,S,40,Mr,Mr,3,0,3,8.667,1.4038461538461535,F,2.0,6.459172413316012,6,0
3,female,4.0,1,1,16.7,S,31,Miss,Miss,3,0,2,8.35,0.2395209580838323,G,6.0,5.941307153521351,4,1
2,female,5.0,1,2,27.75,S,28,Miss,Miss,4,0,3,9.25,0.1801801801801801,Unknown,,9.041586944937483,4,1
2,male,1.0,2,1,39.0,S,25,Master,Master,4,0,2,19.5,0.0256410256410256,F,4.0,2.4240973241508024,4,1
2,male,26.0,0,0,10.5,S,19,Mr,Mr,1,1,1,10.5,2.4761904761904763,Unknown,,2.5975378376032623,3,0
3,male,18.0,1,1,7.8542,S,22,Mr,Mr,3,0,1,7.854,2.2917674619948563,Unknown,,5.567628930139298,4,0
3,male,26.0,1,0,7.8542,S,23,Mr,Mr,2,0,1,7.854,3.310330778437015,Unknown,,6.936822257814886,4,0
1,male,27.0,1,0,53.1,S,29,Mr,Mr,2,0,2,26.55,0.5084745762711864,E,8.0,6.5166682537588505,4,1
3,male,10.0,3,2,27.9,S,28,Master,Master,6,0,6,4.65,0.3584229390681003,Unknown,,4.98195716453139,4,0
1,male,51.0,0,1,61.3792,C,27,Mr,Mr,2,0,1,61.379,0.8309003701579689,Unknown,,1.5285913918433205,4,0
3,male,39.0,0,0,7.925,S,18,Mr,Mr,1,1,1,7.925,4.921135646687698,Unknown,,5.902949425148077,3,1
2,male,36.0,0,0,13.0,S,23,Mr,Mr,1,1,1,13.0,2.769230769230769,Unknown,,2.051396404820072,4,0
2,male,1.0,0,2,37.0042,C,21,Master,Master,3,0,2,18.502,0.0270239594424416,Unknown,,6.802282424312914,3,1
1,male,,0,0,0.0,S,29,Mr,Mr,1,1,1,0.0,0.0,Unknown,,5.657319639957911,5,0
3,male,,0,0,7.725,Q,18,Mr,Mr,1,1,1,7.725,0.0,Unknown,,4.963662472012364,3,0
3,male,14.0,4,1,39.6875,S,24,Mr,Mr,6,0,6,6.615,0.352755905511811,Unknown,,9.734889691773969,4,0
1,male,48.0,0,0,26.55,S,19,Mr,Mr,1,1,1,26.55,1.807909604519774,E,12.0,6.636711653626481,3,1
3,male,,1,2,23.45,S,22,Mr,Mr,4,0,2,11.725,0.0,Unknown,,6.894649691372657,4,0
1,female,18.0,2,2,262.375,C,26,Miss,Miss,5,0,2,131.188,0.0686040971891376,B,57.0,0.0463202300460285,4,1
3,male,,8,2,69.55,S,26,Master,Master,11,0,7,9.936,0.0,Unknown,,2.850951686938471,4,0
3,male,1.0,1,2,20.575,S,26,Master,Master,4,0,2,10.288,0.048602673147023,Unknown,,6.364302495436367,4,1
3,female,,0,0,7.8792,Q,33,Miss,Miss,1,1,1,7.879,0.0,Unknown,,9.461154621336329,5,1
3,male,51.0,0,0,7.75,S,32,Mr,Mr,1,1,1,7.75,6.580645161290323,Unknown,,2.9446575954191765,4,0
1,male,,0,0,25.925,S,19,Mr,Mr,1,1,1,25.925,0.0,Unknown,,9.69470433275369,4,0
2,female,28.0,0,0,13.0,S,17,Miss,Miss,1,1,1,13.0,2.1538461538461537,Unknown,,8.78629986355158,3,1
2,female,24.0,2,1,27.0,S,51,Mrs,Mrs,4,0,2,13.5,0.8888888888888888,Unknown,,8.158331249906178,7,1
3,male,32.0,0,0,7.8542,S,17,Mr,Mr,1,1,1,7.854,4.0742532657686334,Unknown,,9.499611839502254,3,1
1,female,35.0,0,0,135.6333,S,22,Miss,Miss,1,1,3,45.211,0.2580487240227879,C,99.0,6.411476328852973,3,1
1,male,71.0,0,0,34.6542,C,25,Mr,Mr,1,1,1,34.654,2.048813708006533,A,5.0,2.063337184057925,4,0
2,female,50.0,0,0,10.5,S,20,Miss,Miss,1,1,1,10.5,4.761904761904762,Unknown,,3.3987496376806616,3,1
3,female,22.0,0,0,9.8375,S,27,Miss,Miss,1,1,1,9.838,2.236340533672173,Unknown,,7.281887562036033,4,0
3,male,7.0,4,1,29.125,Q,18,Master,Master,6,0,5,5.825,0.2403433476394849,Unknown,,4.620058036441327,3,0
2,male,30.0,1,0,24.0,C,19,Mr,Mr,2,0,2,12.0,1.25,Unknown,,0.5476163882203133,3,0
3,male,34.0,1,1,14.4,S,25,Mr,Mr,3,0,2,7.2,2.361111111111111,Unknown,,0.8698675991141014,4,0
3,female,,0,0,7.8792,Q,20,Miss,Miss,1,1,1,7.879,0.0,Unknown,,8.617856210135173,3,1
3,male,43.0,0,0,8.05,S,15,Mr,Mr,1,1,1,8.05,5.341614906832298,Unknown,,7.61027902502028,3,0
1,male,60.0,0,0,26.55,S,15,Col,Other,1,1,1,26.55,2.2598870056497176,Unknown,,4.886431904046658,3,0
3,female,1.0,0,2,15.7417,C,27,Miss,Miss,3,0,2,7.871,0.0635255404435353,Unknown,,8.556964681062858,4,1
3,female,29.0,0,2,15.2458,C,39,Mrs,Mrs,3,0,1,15.246,1.9021632187225332,Unknown,,5.698896848713165,6,1
3,male,48.0,0,0,7.8542,S,23,Mr,Mr,1,1,1,7.854,6.111379898652951,Unknown,,7.024649705441039,4,0
3,male,43.0,0,0,6.45,S,32,Mr,Mr,1,1,1,6.45,6.666666666666666,Unknown,,6.587077755008761,5,0
1,male,24.0,0,1,247.5208,C,24,Mr,Mr,2,0,2,123.76,0.0969615482820029,B,58.0,0.366832028905979,4,0
2,male,59.0,0,0,13.5,S,25,Mr,Mr,1,1,1,13.5,4.37037037037037,Unknown,,7.476093801762511,4,0
3,female,39.0,1,5,31.275,S,57,Mrs,Mrs,7,0,7,4.468,1.2470023980815348,Unknown,,8.887480798689772,7,0
1,male,17.0,0,2,110.8833,C,27,Mr,Mr,3,0,4,27.721,0.1533143403921059,C,70.0,8.736771141863388,5,1
3,female,31.0,1,0,18.0,S,55,Mrs,Mrs,2,0,1,18.0,1.7222222222222223,Unknown,,0.5637549665092711,7,0
3,female,6.0,4,2,31.275,S,34,Miss,Miss,7,0,7,4.468,0.1918465227817745,Unknown,,2.192139873580443,5,0
3,male,38.0,0,0,7.8958,S,15,Mr,Mr,1,1,1,7.896,4.812685225056359,Unknown,,8.062012797930613,3,0
3,male,20.0,0,0,9.8458,S,29,Mr,Mr,1,1,2,4.923,2.0313230006703367,Unknown,,7.734731256866007,4,0
1,male,,0,0,0.0,S,16,Mr,Mr,1,1,1,0.0,0.0,B,102.0,3.3689579177110685,3,0
1,female,,0,0,110.8833,C,23,Miss,Miss,1,1,4,27.721,0.0,Unknown,,5.912754357449293,3,1
3,male,30.0,0,0,7.25,S,30,Mr,Mr,1,1,1,7.25,4.137931034482759,Unknown,,1.5615259736619036,5,0
2,male,0.83,0,2,29.0,S,29,Master,Master,3,0,2,14.5,0.0286206896551724,Unknown,,1.2804583895777244,4,1
3,male,19.0,0,0,14.5,S,20,Mr,Mr,1,1,2,7.25,1.3103448275862069,Unknown,,4.674015112498697,3,0
3,male,3.0,1,1,15.9,S,38,Master,Master,3,0,2,7.95,0.1886792452830188,Unknown,,5.648411332626164,5,1
2,male,39.0,0,0,26.0,S,46,Mr,Mr,1,1,2,13.0,1.5,Unknown,,2.207696127887604,7,0
2,male,50.0,0,0,13.0,S,23,Mr,Mr,1,1,1,13.0,3.8461538461538463,Unknown,,0.3113408288451136,4,0
3,female,,0,0,8.05,S,39,Mrs,Mrs,1,1,1,8.05,0.0,Unknown,,0.2246930832011739,6,0
2,female,28.0,1,0,24.0,C,37,Mrs,Mrs,2,0,2,12.0,1.1666666666666667,Unknown,,6.567366645412922,5,1
3,female,33.0,3,0,15.85,S,55,Mrs,Mrs,4,0,2,7.925,2.082018927444795,Unknown,,4.739616402628723,7,1
3,female,,0,0,7.75,Q,19,Miss,Miss,1,1,1,7.75,0.0,Unknown,,0.2709599250348349,3,1
1,male,,0,0,221.7792,S,18,Mr,Mr,1,1,1,221.779,0.0,C,95.0,7.247667715287615,3,0
3,male,,0,0,8.4583,Q,16,Mr,Mr,1,1,1,8.458,0.0,Unknown,,0.26366974497252,3,0
1,male,50.0,1,0,55.9,S,25,Mr,Mr,2,0,2,27.95,0.8944543828264758,E,44.0,2.064212717606032,4,0
1,male,28.0,1,0,82.1708,C,23,Mr,Mr,2,0,2,41.085,0.3407536497149839,Unknown,,6.181282404578958,4,0
3,female,,0,0,7.55,S,28,Miss,Miss,1,1,1,7.55,0.0,Unknown,,8.995745732745684,4,0
3,male,16.0,1,3,34.375,S,22,Mr,Mr,5,0,4,8.594,0.4654545454545454,Unknown,,6.675577385210271,4,0
3,male,,0,0,7.775,S,26,Mr,Mr,1,1,1,7.775,0.0,Unknown,,1.069806388269584,4,0
3,male,2.0,3,1,21.075,S,30,Master,Master,5,0,4,5.269,0.0948991696322657,Unknown,,8.105533307818328,4,0
1,male,64.0,0,0,26.0,S,28,Mr,Mr,1,1,1,26.0,2.4615384615384617,Unknown,,3.507118154517101,4,0
3,male,26.0,1,2,20.575,S,23,Mr,Mr,4,0,2,10.288,1.2636695018226003,Unknown,,0.8870253375705561,4,0
3,female,24.0,0,2,16.7,S,51,Mrs,Mrs,3,0,2,8.35,1.437125748502994,G,6.0,4.214245505924979,6,1
3,male,19.0,0,0,0.0,S,31,Mr,Mr,1,1,4,0.0,0.0,Unknown,,1.2466268120326685,5,0
3,female,23.0,0,0,7.925,S,28,Miss,Miss,1,1,1,7.925,2.9022082018927446,Unknown,,1.8211791568869928,4,0
1,female,58.0,0,1,153.4625,S,45,Mrs,Mrs,2,0,3,51.154,0.3779424940946485,C,125.0,7.200365365460744,6,1
3,female,,0,0,7.7375,Q,24,Miss,Miss,1,1,1,7.738,0.0,Unknown,,4.732099066915572,3,1
3,male,,0,0,56.4958,S,12,Mr,Mr,1,1,7,8.071,0.0,Unknown,,0.2212355152899725,3,1
2,male,3.0,1,1,18.75,S,30,Master,Master,3,0,3,6.25,0.16,Unknown,,9.484533069621566,4,1
3,male,47.0,0,0,9.0,S,27,Mr,Mr,1,1,1,9.0,5.222222222222222,Unknown,,2.5813343270112754,4,0
3,male,21.0,0,0,8.05,S,26,Mr,Mr,1,1,1,8.05,2.6086956521739126,Unknown,,8.065611478614498,4,0
3,female,20.0,1,0,9.825,S,23,Miss,Miss,2,0,1,9.825,2.035623409669211,Unknown,,4.845229851910213,3,0
1,female,38.0,1,0,71.2833,C,51,Mrs,Mrs,2,0,1,71.283,0.5330841866187452,C,85.0,4.182430362906189,7,1
3,male,32.0,0,0,8.3625,S,32,Mr,Mr,1,1,1,8.362,3.82660687593423,Unknown,,4.988881534513561,4,0
1,female,39.0,1,0,55.9,S,41,Mrs,Mrs,2,0,2,27.95,0.6976744186046512,E,44.0,1.6703394609207525,6,1
2,male,30.0,0,0,13.0,S,27,Mr,Mr,1,1,1,13.0,2.3076923076923075,Unknown,,7.4112064929005905,4,0
3,male,33.0,0,0,7.8958,C,20,Mr,Mr,1,1,1,7.896,4.17943716912789,Unknown,,0.2007119777772636,3,0
3,female,5.0,0,0,12.475,S,29,Miss,Miss,1,1,2,6.238,0.4008016032064128,Unknown,,3.506269312091808,4,1
2,male,31.0,0,0,13.0,S,21,Mr,Mr,1,1,1,13.0,2.3846153846153846,Unknown,,9.320281055100176,3,1
3,male,16.0,4,1,39.6875,S,25,Mr,Mr,6,0,6,6.615,0.4031496062992126,Unknown,,2.292513952326414,4,0
2,male,28.0,0,1,33.0,S,17,Rev,Other,2,0,3,11.0,0.8484848484848485,Unknown,,2.768277972350516,3,0
2,male,66.0,0,0,10.5,S,21,Mr,Mr,1,1,1,10.5,6.285714285714286,Unknown,,6.717006844058568,4,0
1,male,22.0,0,0,135.6333,C,19,Mr,Mr,1,1,3,45.211,0.1622020551000381,Unknown,,1.0410858198457384,3,0
2,female,42.0,1,0,26.0,S,51,Mrs,Mrs,2,0,1,26.0,1.6153846153846154,Unknown,,6.514203883518642,7,1
3,female,16.0,0,0,7.75,Q,25,Miss,Miss,1,1,1,7.75,2.064516129032258,Unknown,,1.2429722348554473,4,1
3,male,17.0,0,0,8.6625,S,15,Mr,Mr,1,1,1,8.662,1.9624819624819625,Unknown,,5.245113895702547,3,0
3,female,22.0,0,0,7.75,S,24,Miss,Miss,1,1,1,7.75,2.838709677419355,Unknown,,5.371065418185478,4,1
3,male,,0,0,8.05,S,24,Mr,Mr,1,1,1,8.05,0.0,Unknown,,1.2887972191064925,4,0
3,male,29.0,0,0,8.05,S,20,Mr,Mr,1,1,1,8.05,3.602484472049689,Unknown,,1.6893506307216457,3,0
1,female,41.0,0,0,134.5,C,31,Miss,Miss,1,1,2,67.25,0.3048327137546468,E,40.0,9.968742518459472,4,1
3,male,24.0,0,0,7.1417,S,25,Mr,Mr,1,1,1,7.142,3.360544408194128,Unknown,,2.4247050363472966,4,1
3,male,,0,0,7.25,S,22,Mr,Mr,1,1,1,7.25,0.0,Unknown,,1.5167487973275118,4,0
3,female,3.0,3,1,21.075,S,26,Miss,Miss,5,0,4,5.269,0.1423487544483986,Unknown,,7.999160853731894,4,0
2,male,54.0,1,0,26.0,S,29,Rev,Other,2,0,2,13.0,2.076923076923077,Unknown,,7.885972112245307,4,0
3,male,28.0,2,0,7.925,S,28,Mr,Mr,3,0,1,7.925,3.5331230283911674,Unknown,,1.8143543508979727,4,0
3,male,,0,0,8.05,S,24,Mr,Mr,1,1,1,8.05,0.0,Unknown,,4.034828662123971,4,0
2,female,13.0,0,1,19.5,S,33,Miss,Miss,2,0,2,9.75,0.6666666666666666,Unknown,,5.189177052828375,4,1
3,female,18.0,0,0,9.8417,S,23,Miss,Miss,1,1,1,9.842,1.8289523151488056,Unknown,,0.678370591051719,4,1
3,male,26.0,0,0,7.8958,S,17,Mr,Mr,1,1,1,7.896,3.292889890828035,Unknown,,1.6352387258502277,3,0
3,male,,3,1,25.4667,S,29,Master,Master,5,0,4,6.367,0.0,Unknown,,5.716126894698999,4,0
3,female,23.0,0,0,7.55,S,31,Miss,Miss,1,1,1,7.55,3.04635761589404,Unknown,,0.2924728303455914,5,1
2,male,30.0,0,0,10.5,S,18,Mr,Mr,1,1,1,10.5,2.857142857142857,Unknown,,1.636559428657045,3,0
3,male,,0,0,8.05,S,26,Mr,Mr,1,1,1,8.05,0.0,Unknown,,8.952068376871994,4,0
1,female,44.0,0,1,57.9792,C,47,Mrs,Mrs,2,0,2,28.99,0.7588928443303805,B,18.0,1.205668857772788,7,1
1,female,35.0,1,0,52.0,S,51,Mrs,Mrs,2,0,2,26.0,0.6730769230769231,Unknown,,3.971835296184549,7,1
3,male,24.0,0,0,7.8958,S,16,Mr,Mr,1,1,1,7.896,3.039590668456648,Unknown,,4.24130671302386,3,0
2,female,34.0,0,1,23.0,S,36,Mrs,Mrs,2,0,2,11.5,1.4782608695652173,Unknown,,5.034172708548569,7,1
1,male,24.0,0,0,79.2,C,18,Mr,Mr,1,1,2,39.6,0.303030303030303,B,86.0,4.984421989290572,3,0
3,male,16.0,0,0,8.05,S,30,Mr,Mr,1,1,1,8.05,1.9875776397515523,Unknown,,1.6426579793099294,4,1
2,female,24.0,1,0,26.0,S,35,Mrs,Mrs,2,0,2,13.0,0.9230769230769232,Unknown,,3.4634599436596125,5,1
3,male,,0,0,7.75,Q,16,Mr,Mr,1,1,1,7.75,0.0,Unknown,,8.09516074724878,3,0
3,male,32.0,0,0,7.925,S,19,Mr,Mr,1,1,1,7.925,4.037854889589905,Unknown,,2.3167170138344337,3,1
2,male,18.0,0,0,13.0,S,25,Mr,Mr,1,1,1,13.0,1.3846153846153846,Unknown,,4.391349085702184,4,0
3,male,28.0,1,0,15.85,S,30,Mr,Mr,2,0,2,7.925,1.7665615141955835,Unknown,,4.0941165219124045,4,0
1,female,19.0,1,0,91.0792,C,39,Mrs,Mrs,2,0,2,45.54,0.2086096496236242,B,49.0,1.5253904291426137,6,1
3,female,22.0,0,0,7.75,Q,20,Miss,Miss,1,1,1,7.75,2.838709677419355,Unknown,,9.224993811772958,3,1
1,female,49.0,0,0,25.9292,S,27,Dr,Other,1,1,1,25.929,1.889761350138068,D,17.0,7.140869321324278,4,1
3,male,29.0,0,0,7.75,Q,24,Mr,Mr,1,1,1,7.75,3.741935483870968,Unknown,,6.974202672468399,4,1
1,male,29.0,0,0,30.0,S,22,Mr,Mr,1,1,1,30.0,0.9666666666666668,D,6.0,5.675408482615581,4,0
1,male,38.0,0,1,153.4625,S,25,Mr,Mr,2,0,3,51.154,0.2476174961309766,C,91.0,1.7803596686975145,4,0
3,male,50.0,0,0,8.05,S,24,Mr,Mr,1,1,1,8.05,6.211180124223602,Unknown,,2.7214513722996267,4,0
3,male,29.0,0,0,9.4833,S,26,Mr,Mr,1,1,1,9.483,3.058007233768836,Unknown,,9.436159201675988,4,0
3,male,,0,0,24.15,Q,17,Mr,Mr,1,1,3,8.05,0.0,Unknown,,8.445493985350703,3,0
1,male,18.0,1,0,108.9,C,42,Mr,Mr,2,0,2,54.45,0.1652892561983471,C,65.0,9.25248317415666,7,0
3,male,,8,2,69.55,S,24,Mr,Mr,11,0,7,9.936,0.0,Unknown,,9.007018640112586,4,0
3,male,25.0,0,0,7.8958,S,21,Mr,Mr,1,1,1,7.896,3.166240279642341,Unknown,,7.090605194509164,3,0
1,female,33.0,1,0,53.1,S,46,Mrs,Mrs,2,0,2,26.55,0.6214689265536723,E,8.0,0.603520839905638,6,1
1,female,26.0,0,0,78.85,S,28,Miss,Miss,1,1,2,39.425,0.3297400126823082,Unknown,,7.072386343133986,4,1
3,male,33.0,0,0,7.775,S,28,Mr,Mr,1,1,1,7.775,4.244372990353698,Unknown,,4.09334006315043,4,0
3,male,32.0,0,0,56.4958,S,13,Mr,Mr,1,1,7,8.071,0.5664137865115637,Unknown,,6.334008543167258,3,1
3,female,31.0,0,0,7.8542,S,19,Miss,Miss,1,1,1,7.854,3.946932851213364,Unknown,,8.17443561738441,3,0
2,male,,0,0,0.0,S,26,Mr,Mr,1,1,1,0.0,0.0,Unknown,,1.0250972799067926,4,0
3,male,,0,0,7.2292,C,14,Mr,Mr,1,1,1,7.229,0.0,Unknown,,8.682725054083805,3,0
3,male,59.0,0,0,7.25,S,17,Mr,Mr,1,1,1,7.25,8.137931034482758,Unknown,,1.206358711006008,3,0
1,male,42.0,0,0,26.2875,S,33,Mr,Mr,1,1,1,26.288,1.5977175463623394,E,24.0,6.804993020747131,4,1
1,female,38.0,0,0,80.0,,19,Miss,Miss,1,1,2,40.0,0.475,B,28.0,7.8365301274114305,3,1
3,male,21.0,0,0,8.6625,S,16,Mr,Mr,1,1,1,8.662,2.4242424242424243,Unknown,,3.4593499254696294,3,0
3,male,45.0,0,0,8.05,S,21,Mr,Mr,1,1,1,8.05,5.590062111801242,Unknown,,5.021950103312426,4,1
2,male,43.0,1,1,26.25,S,18,Mr,Mr,3,0,3,8.75,1.638095238095238,Unknown,,5.373956029379229,3,0
2,female,24.0,2,3,18.75,S,37,Mrs,Mrs,6,0,3,6.25,1.28,Unknown,,9.00018641848105,5,1
3,female,41.0,0,2,20.2125,S,40,Mrs,Mrs,3,0,2,10.106,2.0284477427334573,Unknown,,0.3353243473577938,5,0
3,male,3.0,4,2,31.3875,S,33,Master,Master,7,0,4,7.847,0.0955794504181601,Unknown,,8.464522917345182,5,1
3,male,,0,0,7.7292,Q,20,Mr,Mr,1,1,1,7.729,0.0,Unknown,,0.1300192351073603,3,0
3,male,23.0,0,0,9.225,S,22,Mr,Mr,1,1,1,9.225,2.4932249322493227,Unknown,,7.755276166950106,4,0
3,male,,1,0,15.5,Q,17,Mr,Mr,2,0,1,15.5,0.0,Unknown,,1.340152284506407,3,0
3,male,1.0,4,1,39.6875,S,28,Master,Master,6,0,6,6.615,0.0251968503937007,Unknown,,4.103968269896615,4,0
3,male,25.0,1,0,7.775,S,24,Mr,Mr,2,0,1,7.775,3.215434083601286,Unknown,,7.222525683930662,4,1
3,female,18.0,0,0,7.775,S,31,Miss,Miss,1,1,1,7.775,2.315112540192926,Unknown,,7.315895217553319,4,0
3,female,63.0,0,0,9.5875,S,22,Mrs,Mrs,1,1,1,9.588,6.571056062581486,Unknown,,5.902306668690871,3,1
3,male,38.0,0,0,8.6625,S,15,Mr,Mr,1,1,1,8.662,4.386724386724387,Unknown,,7.7091220374582194,3,0
3,female,5.0,2,1,19.2583,C,30,Miss,Miss,4,0,4,4.815,0.2596283161026674,Unknown,,1.662833687560794,4,1
3,male,,0,0,7.75,Q,17,Mr,Mr,1,1,1,7.75,0.0,Unknown,,1.1063173695520725,3,0
3,male,,1,0,24.15,Q,19,Mr,Mr,2,0,3,8.05,0.0,Unknown,,1.4249554290151325,4,0
3,male,49.0,0,0,0.0,S,19,Mr,Mr,1,1,4,0.0,0.0,Unknown,,7.582384757040913,3,0
3,male,16.0,0,0,8.05,S,28,Mr,Mr,1,1,1,8.05,1.9875776397515523,Unknown,,9.447320222914104,5,0
3,male,24.0,0,0,9.5,S,22,Mr,Mr,1,1,1,9.5,2.526315789473684,Unknown,,6.181557343181191,4,0
3,male,,1,0,7.75,Q,19,Mr,Mr,2,0,1,7.75,0.0,Unknown,,5.744731131799119,3,0
2,male,34.0,0,0,13.0,S,20,Mr,Mr,1,1,2,6.5,2.6153846153846154,Unknown,,0.8011484638467514,3,0
2,male,42.0,0,0,13.0,S,20,Mr,Mr,1,1,1,13.0,3.230769230769231,Unknown,,6.966508238768922,3,1
3,female,45.0,0,0,7.75,S,33,Miss,Miss,1,1,1,7.75,5.806451612903226,Unknown,,5.833917947661204,4,0
3,male,32.0,0,0,7.925,S,26,Mr,Mr,1,1,1,7.925,4.037854889589905,Unknown,,7.974260216069281,4,0
3,female,18.0,0,1,14.4542,C,21,Miss,Miss,2,0,2,7.227,1.2453127810601765,Unknown,,1.6362382119166918,3,0
2,female,44.0,1,0,26.0,S,45,Mrs,Mrs,2,0,2,13.0,1.6923076923076923,Unknown,,7.33113022415281,6,0
3,male,21.0,0,0,7.8,S,28,Mr,Mr,1,1,1,7.8,2.6923076923076925,Unknown,,2.129641615089107,4,0
3,female,21.0,1,0,9.825,S,24,Miss,Miss,2,0,1,9.825,2.137404580152672,Unknown,,6.24148907849134,4,0
1,male,,0,0,227.525,C,19,Mr,Mr,1,1,4,56.881,0.0,Unknown,,1.1047411313139466,3,0
2,female,40.0,1,1,39.0,S,61,Mrs,Mrs,3,0,2,19.5,1.0256410256410255,Unknown,,9.629920038589946,8,1
1,female,,1,0,52.0,S,49,Mrs,Mrs,2,0,2,26.0,0.0,C,126.0,5.412665786761103,7,1
3,male,19.0,0,0,7.65,S,42,Mr,Mr,1,1,1,7.65,2.4836601307189543,F,73.0,6.385259476640855,6,0
3,male,34.0,0,0,8.05,S,19,Mr,Mr,1,1,1,8.05,4.22360248447205,Unknown,,9.36829739324758,3,0
1,female,40.0,1,1,134.5,C,56,Mrs,Mrs,3,0,2,67.25,0.2973977695167286,E,34.0,4.522179408898071,7,1
2,male,16.0,0,0,26.0,S,19,Mr,Mr,1,1,2,13.0,0.6153846153846154,Unknown,,9.3621224624369,3,0
3,male,,0,0,7.2292,C,17,Mr,Mr,1,1,1,7.229,0.0,Unknown,,7.907231648389636,3,0
2,male,35.0,0,0,26.0,S,20,Mr,Mr,1,1,2,13.0,1.3461538461538465,Unknown,,8.129010091300776,4,0
3,male,74.0,0,0,7.775,S,19,Mr,Mr,1,1,1,7.775,9.517684887459806,Unknown,,2.106621890056666,3,0
1,female,30.0,0,0,106.425,C,19,Miss,Miss,1,1,2,53.212,0.2818886539816772,Unknown,,0.2440078155653802,3,1
1,male,71.0,0,0,49.5042,C,23,Mr,Mr,1,1,1,49.504,1.4342217428016208,Unknown,,7.322248864095612,3,0
2,female,31.0,1,1,26.25,S,43,Mrs,Mrs,3,0,3,8.75,1.180952380952381,Unknown,,8.948166560605276,6,1
3,male,22.0,0,0,7.8958,S,20,Mr,Mr,1,1,1,7.896,2.7862914460852606,Unknown,,5.65133183589209,3,0
2,female,29.0,1,0,26.0,S,50,Mrs,Mrs,2,0,1,26.0,1.1153846153846154,Unknown,,0.1454466566788192,6,1
3,male,21.0,0,0,7.7333,Q,19,Mr,Mr,1,1,1,7.733,2.715528946245458,Unknown,,8.34930236799299,3,0
3,male,26.0,0,0,7.8958,S,25,Mr,Mr,1,1,1,7.896,3.292889890828035,Unknown,,4.80586577326648,3,0
3,female,25.0,1,0,7.925,S,29,Miss,Miss,2,0,1,7.925,3.154574132492113,Unknown,,1.8552551570312117,4,0
3,male,42.0,0,1,8.4042,S,32,Mr,Mr,2,0,1,8.404,4.997501249375313,Unknown,,8.09874445854635,5,0
1,male,80.0,0,0,30.0,S,36,Mr,Mr,1,1,1,30.0,2.6666666666666665,A,23.0,8.246809659251491,5,1
1,female,24.0,0,0,69.3,C,20,Mlle,Other,1,1,2,34.65,0.3463203463203463,B,35.0,8.37013328363672,3,1
3,male,22.0,0,0,7.25,S,18,Mr,Mr,1,1,1,7.25,3.034482758620689,Unknown,,2.24604822939982,3,0
2,female,24.0,0,2,14.5,S,31,Mrs,Mrs,3,0,2,7.25,1.6551724137931034,Unknown,,5.334610919763215,4,1
3,female,,0,2,22.3583,C,38,Mrs,Mrs,3,0,2,11.179,0.0,Unknown,,6.2589137643700905,5,1
1,male,56.0,0,0,35.5,C,35,Col,Other,1,1,1,35.5,1.5774647887323945,A,26.0,8.808707591989284,4,1
2,female,34.0,1,1,32.5,S,47,Mrs,Mrs,3,0,1,32.5,1.0461538461538462,Unknown,,2.686773593849461,7,1
3,male,17.0,1,0,7.0542,S,25,Mr,Mr,2,0,1,7.054,2.409911825579088,Unknown,,2.299546058910862,4,0
2,female,27.0,1,0,21.0,S,56,Mrs,Mrs,2,0,2,10.5,1.2857142857142858,Unknown,,8.5218150031854,8,0
2,female,24.0,0,0,13.0,S,29,Miss,Miss,1,1,1,13.0,1.8461538461538465,F,33.0,1.9068772066366655,4,1
1,male,4.0,0,2,81.8583,S,25,Master,Master,3,0,1,81.858,0.0488649287854744,A,34.0,3.831385282494975,3,1
2,male,,0,0,0.0,S,20,Mr,Mr,1,1,1,0.0,0.0,Unknown,,7.70921844644052,4,0
1,female,17.0,1,0,57.0,S,41,Mrs,Mrs,2,0,2,28.5,0.2982456140350877,B,20.0,1.3271575404306035,6,1
1,male,45.5,0,0,28.5,S,19,Mr,Mr,1,1,1,28.5,1.5964912280701755,C,124.0,6.635373720167106,3,0
1,male,,0,0,27.7208,C,21,Mr,Mr,1,1,1,27.721,0.0,Unknown,,8.623637087467452,4,0
3,male,23.0,0,0,7.8542,S,22,Mr,Mr,1,1,1,7.854,2.928369534771205,Unknown,,7.271690697663081,3,0
3,male,30.0,0,0,8.05,S,29,Mr,Mr,1,1,1,8.05,3.726708074534161,Unknown,,9.502373538208024,4,0
2,male,34.0,1,0,21.0,S,18,Mr,Mr,2,0,1,21.0,1.619047619047619,Unknown,,4.361265291353167,3,0
1,female,,1,0,89.1042,C,44,Mrs,Mrs,2,0,2,44.552,0.0,C,92.0,5.923503285933622,6,1
3,male,,8,2,69.55,S,19,Mr,Mr,11,0,7,9.936,0.0,Unknown,,5.956387406078443,3,0
3,male,40.0,1,4,27.9,S,18,Mr,Mr,6,0,6,4.65,1.4336917562724014,Unknown,,3.7330931627975295,3,0
1,female,18.0,0,2,79.65,S,19,Miss,Miss,3,0,3,26.55,0.2259887005649717,E,68.0,1.7652803200550826,3,1
1,female,52.0,1,1,93.5,S,50,Mrs,Mrs,3,0,2,46.75,0.5561497326203209,B,69.0,5.553635509376313,7,1
3,male,20.0,0,0,9.225,S,27,Mr,Mr,1,1,1,9.225,2.1680216802168024,Unknown,,3.458830569529568,4,0
3,male,4.0,3,2,27.9,S,21,Master,Master,6,0,6,4.65,0.1433691756272401,Unknown,,6.220867002278735,3,0
1,female,48.0,0,0,25.9292,S,51,Mrs,Mrs,1,1,1,25.929,1.851194791971985,D,17.0,8.543850933695792,7,1
3,female,26.0,0,0,7.8542,S,31,Miss,Miss,1,1,1,7.854,3.310330778437015,Unknown,,9.198556164127606,4,1
2,male,23.0,0,0,15.0458,C,18,Mr,Mr,1,1,1,15.046,1.5286658070690824,Unknown,,8.90527280739895,3,0
1,male,52.0,1,1,79.65,S,17,Mr,Mr,3,0,3,26.55,0.652856246076585,E,67.0,1.2748866233198242,3,0
2,male,25.0,0,0,13.0,S,30,Mr,Mr,1,1,1,13.0,1.9230769230769231,Unknown,,1.1976213181925122,5,0
1,male,36.0,0,0,26.2875,S,25,Mr,Mr,1,1,1,26.288,1.369472182596291,E,25.0,9.243961953765304,4,1
3,female,2.0,4,2,31.275,S,33,Miss,Miss,7,0,7,4.468,0.0639488409272582,Unknown,,2.5243694434402077,5,0
2,male,,0,0,0.0,S,30,Mr,Mr,1,1,3,0.0,0.0,Unknown,,7.998552559473152,4,0
2,male,25.0,0,0,13.0,S,42,Mr,Mr,1,1,1,13.0,1.9230769230769231,Unknown,,8.980542894407137,5,0
3,male,24.0,0,0,8.05,S,22,Mr,Mr,1,1,1,8.05,2.981366459627329,Unknown,,0.4086861626647886,3,0
3,male,19.0,0,0,7.8958,S,20,Mr,Mr,1,1,1,7.896,2.4063426125281797,Unknown,,1.3087366071834985,3,0
2,male,31.0,0,0,10.5,S,38,Mr,Mr,1,1,1,10.5,2.952380952380953,Unknown,,5.974131021703083,5,0
3,female,19.0,0,0,7.8792,Q,29,Miss,Miss,1,1,1,7.879,2.41141232612448,Unknown,,8.76653602658345,4,1
1,female,21.0,2,2,262.375,C,37,Miss,Miss,5,0,2,131.188,0.0800381133873273,B,57.0,1.1730818896239448,5,1
2,male,23.0,0,0,13.0,S,26,Mr,Mr,1,1,1,13.0,1.7692307692307692,Unknown,,8.447832281168877,4,0
2,male,19.0,1,1,36.75,S,28,Mr,Mr,3,0,2,18.375,0.5170068027210885,Unknown,,1.2758030279556376,4,0
3,male,65.0,0,0,7.75,Q,16,Mr,Mr,1,1,1,7.75,8.387096774193548,Unknown,,1.533514031160802,3,0
3,male,,1,0,19.9667,S,36,Mr,Mr,2,0,1,19.967,0.0,Unknown,,1.8513292883861965,5,0
2,female,45.0,1,1,26.25,S,43,Mrs,Mrs,3,0,3,8.75,1.7142857142857142,Unknown,,6.005168604336534,6,1
2,male,18.0,0,0,11.5,S,26,Mr,Mr,1,1,1,11.5,1.565217391304348,Unknown,,4.316595462296794,4,0
1,female,54.0,1,0,59.4,C,46,Mrs,Mrs,2,0,1,59.4,0.9090909090909092,Unknown,,9.71058245165368,6,1
1,male,54.0,0,1,77.2875,S,27,Mr,Mr,2,0,2,38.644,0.6986899563318778,D,26.0,1.0717201133977603,4,0
3,male,,0,0,7.2292,C,17,Mr,Mr,1,1,1,7.229,0.0,Unknown,,0.7695320162920916,3,0
1,male,47.0,0,0,52.0,S,30,Mr,Mr,1,1,2,26.0,0.903846153846154,C,110.0,1.8452101935637728,4,0
1,male,56.0,0,0,26.55,S,26,Mr,Mr,1,1,1,26.55,2.109227871939736,Unknown,,0.5142581348425035,4,0
2,male,21.0,2,0,73.5,S,27,Mr,Mr,3,0,5,14.7,0.2857142857142857,Unknown,,7.133495858845524,4,0
2,male,29.0,0,0,10.5,S,31,Mr,Mr,1,1,1,10.5,2.761904761904762,Unknown,,6.277080530714178,4,0
3,male,39.0,0,0,24.15,S,17,Mr,Mr,1,1,2,12.075,1.6149068322981368,Unknown,,1.5954468011318834,3,0
3,female,39.0,0,5,29.125,Q,36,Mrs,Mrs,6,0,5,5.825,1.3390557939914165,Unknown,,8.288833658826094,5,0
3,male,36.0,1,0,15.55,S,29,Mr,Mr,2,0,1,15.55,2.315112540192926,Unknown,,5.800862078378112,4,0
2,male,24.0,2,0,73.5,S,25,Mr,Mr,3,0,5,14.7,0.3265306122448979,Unknown,,8.179670241190621,4,0
3,male,,0,0,8.6625,S,19,Mr,Mr,1,1,1,8.662,0.0,Unknown,,1.8656702405130576,3,0
3,female,47.0,1,0,14.5,S,46,Mrs,Mrs,2,0,1,14.5,3.2413793103448274,Unknown,,2.1144800699654462,7,0
1,male,,0,0,26.0,S,26,Mr,Mr,1,1,1,26.0,0.0,A,19.0,0.181101838208405,4,0
3,male,30.0,0,0,9.5,S,23,Mr,Mr,1,1,1,9.5,3.1578947368421053,Unknown,,9.321182824836123,4,1
3,male,,0,0,7.3125,S,21,Mr,Mr,1,1,1,7.312,0.0,Unknown,,1.0178247262040374,4,0
1,female,49.0,1,0,76.7292,C,40,Mrs,Mrs,2,0,3,25.576,0.638609551513635,D,33.0,1.3637147558676976,6,1
2,female,54.0,1,3,23.0,S,37,Mrs,Mrs,5,0,1,23.0,2.347826086956522,Unknown,,3.2646130824399187,5,1
3,male,,0,0,7.7375,Q,23,Mr,Mr,1,1,1,7.738,0.0,Unknown,,0.3320310879136656,4,0
1,female,35.0,1,0,53.1,S,44,Mrs,Mrs,2,0,2,26.55,0.6591337099811676,C,123.0,8.660638895004084,7,1
3,male,44.0,0,0,8.05,S,16,Mr,Mr,1,1,1,8.05,5.46583850931677,Unknown,,6.832953766065052,3,0
3,male,31.0,0,0,7.775,S,25,Mr,Mr,1,1,1,7.775,3.9871382636655945,Unknown,,6.4357769519652495,4,0
3,female,8.0,3,1,21.075,S,29,Miss,Miss,5,0,4,5.269,0.3795966785290628,Unknown,,7.689874151805105,4,0
1,female,45.0,1,1,164.8667,S,42,Mrs,Mrs,3,0,2,82.433,0.2729477814501048,Unknown,,7.158249646820885,6,1
2,male,18.0,0,0,11.5,S,24,Mr,Mr,1,1,1,11.5,1.565217391304348,Unknown,,4.799388347171235,4,0
1,female,51.0,1,0,77.9583,S,36,Mrs,Mrs,2,0,3,25.986,0.6541958970372623,D,11.0,1.049301784181749,6,1
1,male,0.92,1,2,151.55,S,30,Master,Master,4,0,4,37.888,0.0060706037611349,C,22.0,5.188380571260721,4,1
1,female,22.0,0,1,55.0,S,27,Miss,Miss,2,0,2,27.5,0.4,E,33.0,1.552402459307125,4,1
3,male,32.0,0,0,8.05,S,34,Mr,Mr,1,1,1,8.05,3.975155279503105,E,10.0,5.765164755142536,5,1
2,female,30.0,0,0,13.0,S,21,Miss,Miss,1,1,1,13.0,2.3076923076923075,Unknown,,4.915945467414369,3,1
3,male,51.0,0,0,8.05,S,23,Mr,Mr,1,1,1,8.05,6.335403726708074,Unknown,,6.651972206962001,4,0
3,female,14.5,1,0,14.4542,C,20,Miss,Miss,2,0,2,7.227,1.0031686291873645,Unknown,,2.093493233367103,3,0
3,male,,0,0,7.05,S,21,Mr,Mr,1,1,1,7.05,0.0,Unknown,,9.556514982297534,4,0
3,male,32.0,0,0,56.4958,S,15,Mr,Mr,1,1,7,8.071,0.5664137865115637,Unknown,,9.87649563736058,3,1
1,male,,0,0,26.55,S,18,Mr,Mr,1,1,1,26.55,0.0,C,124.0,1.5105789178090023,3,0
3,male,8.0,4,1,29.125,Q,25,Master,Master,6,0,5,5.825,0.2746781115879828,Unknown,,1.0456784033440023,4,0
2,male,42.0,1,0,27.0,S,28,Mr,Mr,2,0,2,13.5,1.5555555555555556,Unknown,,7.952673118598902,4,0
1,male,,0,0,30.0,S,27,Mr,Mr,1,1,1,30.0,0.0,D,45.0,7.965372909761763,4,1
3,female,19.0,1,0,7.8542,S,47,Miss,Miss,2,0,1,7.854,2.419087876550126,Unknown,,3.366042781939206,5,1
3,male,30.0,0,0,7.8958,S,17,Mr,Mr,1,1,1,7.896,3.7994883355708096,Unknown,,0.9148683739775488,3,0
3,male,4.0,4,1,29.125,Q,20,Master,Master,6,0,5,5.825,0.1373390557939914,Unknown,,2.579028270449398,3,0
3,male,36.0,0,0,0.0,S,19,Mr,Mr,1,1,4,0.0,0.0,Unknown,,1.8704374855752337,3,0
3,male,,1,0,15.5,Q,19,Mr,Mr,2,0,2,7.75,0.0,Unknown,,0.2538635566034486,3,0
3,male,20.0,0,0,4.0125,C,19,Mr,Mr,1,1,1,4.012,4.984423676012461,Unknown,,0.9944139275934516,3,0
1,male,,0,0,30.6958,C,24,Mr,Mr,1,1,1,30.696,0.0,Unknown,,5.412963353010705,4,0
3,male,,0,0,8.7125,C,19,Mr,Mr,1,1,1,8.712,0.0,Unknown,,2.3066981171775867,3,0
3,male,29.0,0,0,7.775,S,24,Mr,Mr,1,1,1,7.775,3.729903536977492,Unknown,,3.013778741641421,4,0
3,male,35.0,0,0,7.125,S,20,Mr,Mr,1,1,1,7.125,4.912280701754386,Unknown,,0.5784267656339637,3,0
3,female,2.0,0,1,12.2875,S,24,Miss,Miss,2,0,1,12.288,0.1627670396744659,Unknown,,8.191023176741997,4,1
3,male,21.0,0,0,7.8542,S,27,Mr,Mr,1,1,1,7.854,2.6737287056606656,Unknown,,2.2018320194981134,4,0
3,male,,2,0,23.25,Q,18,Mr,Mr,3,0,2,11.625,0.0,Unknown,,8.388980864459342,3,1
1,female,32.0,0,0,76.2917,C,21,Miss,Miss,1,1,1,76.292,0.4194427440992925,D,15.0,2.0162732004774453,3,1
3,male,26.0,1,0,14.4542,C,27,Mr,Mr,2,0,1,14.454,1.7987851281980325,Unknown,,3.287516102875082,3,0
3,female,45.0,0,1,14.4542,C,31,Mrs,Mrs,2,0,2,7.227,3.1132819526504405,Unknown,,6.439995432390157,4,0
3,male,33.0,1,1,20.525,S,25,Mr,Mr,3,0,3,6.842,1.607795371498173,Unknown,,4.798756203039089,4,0
3,male,12.0,1,0,11.2417,C,28,Master,Master,2,0,2,5.621,1.0674542106620886,Unknown,,4.474123668234546,3,1
1,female,36.0,1,2,120.0,S,41,Mrs,Mrs,4,0,4,30.0,0.3,B,96.0,0.3961882534835714,6,1
3,female,26.0,1,0,16.1,S,47,Mrs,Mrs,2,0,2,8.05,1.6149068322981366,Unknown,,4.084532130706987,7,0
1,female,15.0,0,1,211.3375,S,33,Miss,Miss,2,0,3,70.446,0.0709765186017625,B,5.0,1.3008624013063197,4,1
3,male,7.0,4,1,39.6875,S,26,Master,Master,6,0,6,6.615,0.1763779527559055,Unknown,,7.040797680992236,4,0
3,male,39.0,1,5,31.275,S,27,Mr,Mr,7,0,7,4.468,1.2470023980815348,Unknown,,8.421189231357086,4,0
3,male,28.0,0,0,9.5,S,27,Mr,Mr,1,1,1,9.5,2.9473684210526314,Unknown,,5.596403313082179,5,0
1,male,37.0,0,1,29.7,C,21,Mr,Mr,2,0,1,29.7,1.245791245791246,C,118.0,3.4569599350391944,4,0
3,male,,0,0,7.25,S,22,Mr,Mr,1,1,1,7.25,0.0,Unknown,,2.723073265193689,3,0
3,male,4.0,4,2,31.275,S,39,Master,Master,7,0,7,4.468,0.1278976818545164,Unknown,,9.12363345616691,5,0
2,male,,0,0,0.0,S,21,Mr,Mr,1,1,3,0.0,0.0,Unknown,,5.9507793070025485,3,0
3,male,38.0,0,0,7.05,S,31,Mr,Mr,1,1,1,7.05,5.390070921985815,Unknown,,2.622640442998251,4,0
3,male,25.0,0,0,7.05,S,16,Mr,Mr,1,1,1,7.05,3.546099290780142,Unknown,,8.005866991090828,3,0
1,male,37.0,1,1,52.5542,S,29,Mr,Mr,3,0,2,26.277,0.7040350723633886,D,35.0,8.938925830509577,4,1
1,male,54.0,0,0,51.8625,S,23,Mr,Mr,1,1,1,51.862,1.0412147505422995,E,46.0,3.764633668780496,4,0
3,male,28.0,0,0,7.8958,S,22,Mr,Mr,1,1,1,7.896,3.5461891131994223,Unknown,,3.981686935909433,3,0
1,male,,0,0,26.55,S,45,Mr,Mr,1,1,1,26.55,0.0,Unknown,,5.679452305526294,6,1
3,female,14.0,0,0,7.8542,S,36,Miss,Miss,1,1,1,7.854,1.7824858037737772,Unknown,,8.383287047111379,5,0
3,male,26.0,0,0,18.7875,C,27,Mr,Mr,1,1,2,9.394,1.383898868928809,Unknown,,9.650269106665126,4,1
3,male,,0,0,14.5,S,24,Mr,Mr,1,1,1,14.5,0.0,Unknown,,8.700988739009299,4,0
3,male,28.5,0,0,16.1,S,20,Mr,Mr,1,1,2,8.05,1.7701863354037266,Unknown,,6.262203216314154,3,0
1,male,42.0,1,0,52.5542,S,28,Mr,Mr,2,0,1,52.554,0.7991749470070898,D,19.0,4.9587573507877085,5,1
3,male,21.0,0,0,7.775,S,33,Mr,Mr,1,1,1,7.775,2.70096463022508,Unknown,,7.636057941597608,5,0
3,male,19.0,0,0,7.8958,S,17,Mr,Mr,1,1,1,7.896,2.4063426125281797,Unknown,,1.586051052930737,3,0
3,male,24.0,0,0,7.4958,S,17,Mr,Mr,1,1,1,7.496,3.201793004082286,Unknown,,9.442664891134338,3,0
2,female,28.0,1,0,26.0,S,43,Mrs,Mrs,2,0,1,26.0,1.0769230769230769,Unknown,,0.1839067654746673,7,1
3,female,,0,0,7.8292,Q,29,Miss,Miss,1,1,1,7.829,0.0,Unknown,,7.435082562916078,4,1
1,female,30.0,0,0,93.5,S,21,Miss,Miss,1,1,2,46.75,0.320855614973262,B,73.0,0.3700763471549262,3,1
2,male,19.0,0,0,13.0,S,21,Mr,Mr,1,1,1,13.0,1.4615384615384617,Unknown,,0.5182353682242691,3,0
3,male,22.0,0,0,8.05,S,22,Mr,Mr,1,1,1,8.05,2.732919254658385,Unknown,,3.70472102791382,4,0
1,male,61.0,0,0,33.5,S,25,Mr,Mr,1,1,1,33.5,1.82089552238806,B,19.0,8.1707207094928,5,0
3,male,,0,0,8.05,S,18,Mr,Mr,1,1,1,8.05,0.0,Unknown,,0.3118313506128467,3,0
3,male,19.0,0,0,10.1708,S,17,Mr,Mr,1,1,1,10.171,1.8680929720375976,Unknown,,9.688778552856917,3,0
3,male,,0,0,8.05,S,27,Mr,Mr,1,1,1,8.05,0.0,Unknown,,4.607787680327258,4,0
3,female,26.0,0,0,7.925,S,22,Miss,Miss,1,1,1,7.925,3.280757097791798,Unknown,,9.327284833540132,3,1
3,male,28.0,0,0,22.525,S,24,Mr,Mr,1,1,1,22.525,1.2430632630410656,Unknown,,9.15488297588042,4,0
1,female,44.0,0,0,27.7208,C,41,Mrs,Mrs,1,1,1,27.721,1.5872557790539956,B,4.0,0.6337497047276774,6,1
3,male,41.0,0,0,7.125,S,30,Mr,Mr,1,1,1,7.125,5.754385964912281,Unknown,,8.601223971892045,5,0
3,male,28.5,0,0,7.2292,C,19,Mr,Mr,1,1,1,7.229,3.942344934432579,Unknown,,4.374749220237291,3,0
3,male,,0,0,7.8958,C,22,Mr,Mr,1,1,1,7.896,0.0,Unknown,,1.393560740728241,3,0
2,male,21.0,1,0,11.5,S,27,Mr,Mr,2,0,1,11.5,1.826086956521739,Unknown,,1.8097695270948977,4,0
2,female,45.0,0,0,13.5,S,29,Mrs,Mrs,1,1,1,13.5,3.333333333333333,Unknown,,0.823810456158427,4,1
2,male,36.0,0,0,10.5,S,17,Mr,Mr,1,1,1,10.5,3.4285714285714284,Unknown,,1.4991742734877378,3,0
3,male,,1,1,15.2458,C,49,Master,Master,3,0,2,7.623,0.0,Unknown,,2.732595269982093,6,1
3,male,40.5,0,0,7.75,Q,18,Mr,Mr,1,1,1,7.75,5.225806451612903,Unknown,,6.962887758781397,3,0
2,female,18.0,0,1,23.0,S,19,Miss,Miss,2,0,2,11.5,0.782608695652174,Unknown,,1.288698674734452,3,1
1,female,19.0,0,2,26.2833,S,28,Miss,Miss,3,0,1,26.283,0.7228924830595853,D,47.0,5.935924535540487,4,1
3,male,19.0,0,0,8.05,S,26,Mr,Mr,1,1,1,8.05,2.3602484472049685,Unknown,,0.1971053775436415,4,0
2,male,35.0,0,0,10.5,S,25,Mr,Mr,1,1,1,10.5,3.333333333333333,Unknown,,8.717835665922017,4,0
1,male,,0,0,42.4,S,25,Mr,Mr,1,1,1,42.4,0.0,Unknown,,2.2381761482262306,4,0
3,male,,0,0,7.7333,Q,24,Mr,Mr,1,1,1,7.733,0.0,Unknown,,5.924077846595176,4,0
3,male,,0,0,8.05,S,19,Mr,Mr,1,1,1,8.05,0.0,Unknown,,3.501252591667301,3,0
3,female,,0,0,7.75,Q,17,Miss,Miss,1,1,1,7.75,0.0,Unknown,,8.791183075621646,3,1
1,male,51.0,0,0,26.55,S,22,Mr,Mr,1,1,1,26.55,1.92090395480226,E,17.0,9.09032520665641,4,1
3,male,20.0,0,0,7.8542,S,22,Mr,Mr,1,1,1,7.854,2.546408291105396,Unknown,,7.083629767150348,4,0
1,male,58.0,0,0,29.7,C,23,Mr,Mr,1,1,1,29.7,1.9528619528619529,B,37.0,1.368186309189614,4,0
2,female,55.0,0,0,16.0,S,32,Mrs,Mrs,1,1,1,16.0,3.4375,Unknown,,4.686931597949703,5,1
1,female,30.0,0,0,56.9292,C,30,Miss,Miss,1,1,2,28.465,0.5269703421091461,E,36.0,3.351972416459009,4,1
1,male,36.0,1,2,120.0,S,26,Mr,Mr,4,0,4,30.0,0.3,B,96.0,2.078862551460273,4,1
3,male,17.0,0,0,8.6625,S,16,Mr,Mr,1,1,1,8.662,1.9624819624819625,Unknown,,2.2120944181960223,3,0
1,male,65.0,0,1,61.9792,C,30,Mr,Mr,2,0,1,61.979,1.0487389317706586,B,30.0,3.5058755880659698,4,0
2,female,7.0,0,2,26.25,S,22,Miss,Miss,3,0,3,8.75,0.2666666666666666,Unknown,,6.158631881823045,4,1
2,female,19.0,1,0,26.0,S,33,Mrs,Mrs,2,0,2,13.0,0.7307692307692307,Unknown,,7.671882889311269,5,1
3,male,21.0,0,0,8.05,S,24,Mr,Mr,1,1,1,8.05,2.6086956521739126,Unknown,,6.715731955927996,4,0
1,male,31.0,0,0,50.4958,S,36,Mr,Mr,1,1,1,50.496,0.6139124442032803,A,24.0,5.148173539296902,5,0
1,female,58.0,0,0,146.5208,C,20,Miss,Miss,1,1,2,73.26,0.395848234516874,B,80.0,9.899602323899453,3,1
3,male,20.0,0,0,8.05,S,30,Mr,Mr,1,1,1,8.05,2.484472049689441,Unknown,,9.699143978146031,4,0
3,female,31.0,0,0,8.6833,S,16,Mrs,Mrs,1,1,1,8.683,3.570071286262136,Unknown,,8.017280830697919,3,1
1,male,47.0,0,0,25.5875,S,26,Mr,Mr,1,1,1,25.588,1.836834391792868,E,58.0,6.318135270166684,4,0
2,female,,0,0,12.35,Q,19,Miss,Miss,1,1,1,12.35,0.0,E,101.0,9.208418826173723,4,1
3,male,,0,0,8.05,S,19,Mr,Mr,1,1,1,8.05,0.0,Unknown,,2.8869373677069987,3,0
3,male,,0,0,7.8958,S,18,Mr,Mr,1,1,1,7.896,0.0,Unknown,,4.146241237270237,3,0
1,female,17.0,1,0,108.9,C,82,Mrs,Mrs,2,0,2,54.45,0.1561065197428833,C,65.0,3.990027038701303,14,1
3,male,,0,0,7.8958,S,17,Mr,Mr,1,1,1,7.896,0.0,Unknown,,0.7586332810866392,3,0
3,male,,0,0,7.225,C,18,Mr,Mr,1,1,1,7.225,0.0,Unknown,,2.3000883728770303,3,0
1,female,31.0,0,2,164.8667,S,24,Miss,Miss,3,0,2,82.433,0.18803069388785,C,7.0,7.3750124810974835,4,1
3,female,22.0,0,0,7.775,S,18,Miss,Miss,1,1,1,7.775,2.8295819935691315,Unknown,,4.213570022770702,3,1
3,female,5.0,4,2,31.3875,S,30,Miss,Miss,7,0,4,7.847,0.1592990840302668,Unknown,,5.027203900924792,4,1
3,female,20.0,0,0,8.6625,S,23,Miss,Miss,1,1,1,8.662,2.308802308802309,Unknown,,5.520471808519803,3,0
1,male,45.0,0,0,35.5,S,28,Mr,Mr,1,1,1,35.5,1.267605633802817,T,,5.953850173200438,4,0
1,male,50.0,2,0,133.65,S,29,Dr,Other,3,0,2,66.825,0.3741114852225963,Unknown,,6.169269183757422,4,1
3,male,39.0,0,0,7.925,S,25,Mr,Mr,1,1,1,7.925,4.921135646687698,Unknown,,0.6535634079894237,4,0
3,male,21.0,0,0,7.7958,S,22,Mr,Mr,1,1,1,7.796,2.693758177480181,Unknown,,0.2653220387381971,4,1
3,male,34.5,0,0,6.4375,C,26,Mr,Mr,1,1,1,6.438,5.359223300970874,Unknown,,7.252576604151365,4,0
3,male,28.0,0,0,9.5,S,30,Mr,Mr,1,1,1,9.5,2.9473684210526314,Unknown,,7.6022785988968655,5,0
3,male,,0,0,7.775,S,22,Mr,Mr,1,1,1,7.775,0.0,Unknown,,2.7687764814720373,4,1
3,male,,0,0,8.05,S,33,Mr,Mr,1,1,1,8.05,0.0,Unknown,,8.698963620621283,5,0
3,female,10.0,0,2,24.15,S,25,Miss,Miss,3,0,3,8.05,0.4140786749482402,Unknown,,2.578876854332023,4,0
3,female,9.0,1,1,15.2458,C,23,Miss,Miss,3,0,2,7.623,0.590326516155269,Unknown,,6.229665835634828,3,0
3,male,,0,0,7.8958,S,32,Mr,Mr,1,1,1,7.896,0.0,Unknown,,7.994103989090426,4,0
3,male,20.5,0,0,7.25,S,31,Mr,Mr,1,1,1,7.25,2.827586206896552,Unknown,,8.16599439471577,5,0
1,female,,1,0,133.65,S,50,Mrs,Mrs,2,0,2,66.825,0.0,Unknown,,1.4866272775311296,6,1
3,male,,0,0,8.05,S,19,Mr,Mr,1,1,1,8.05,0.0,Unknown,,3.7103876298460263,3,0
3,male,,0,0,7.55,S,18,Mr,Mr,1,1,1,7.55,0.0,Unknown,,8.71843527745232,3,0
3,male,,0,0,15.5,Q,19,Mr,Mr,1,1,1,15.5,0.0,Unknown,,9.839776479598282,3,0
3,male,20.0,0,0,8.6625,S,19,Mr,Mr,1,1,1,8.662,2.308802308802309,Unknown,,3.6852634372376114,3,0
3,female,43.0,1,6,46.9,S,39,Mrs,Mrs,8,0,6,7.817,0.9168443496801706,Unknown,,3.0096356694681625,5,0
3,male,22.0,0,0,7.2292,C,21,Mr,Mr,1,1,1,7.229,3.0432136335970785,Unknown,,5.139894891598108,3,0
3,female,22.0,0,0,10.5167,S,28,Miss,Miss,1,1,1,10.517,2.091910960662565,Unknown,,1.6975790508754074,4,0
2,male,39.0,0,0,13.0,S,17,Mr,Mr,1,1,1,13.0,3.0,Unknown,,0.8162998203058958,3,0
3,male,27.0,1,0,14.4542,C,19,Mr,Mr,2,0,2,7.227,1.8679691715902644,Unknown,,7.234201136885849,3,0
2,male,54.0,0,0,14.0,S,20,Dr,Other,1,1,1,14.0,3.857142857142857,Unknown,,3.469532018962277,3,0
3,female,,0,0,7.75,Q,26,Miss,Miss,1,1,1,7.75,0.0,Unknown,,1.815977168014257,4,1
3,female,37.0,0,0,9.5875,S,30,Miss,Miss,1,1,1,9.588,3.859191655801825,Unknown,,0.394268113685059,4,0
3,female,18.0,0,1,9.35,S,26,Mrs,Mrs,2,0,1,9.35,1.9251336898395723,Unknown,,1.315676851272598,5,1
2,male,23.0,0,0,13.0,S,28,Mr,Mr,1,1,1,13.0,1.7692307692307692,Unknown,,0.0638587171683358,4,0
3,female,,0,0,7.75,Q,25,Miss,Miss,1,1,1,7.75,0.0,Unknown,,0.2878267631333897,3,1
3,male,22.0,0,0,7.8958,S,15,Mr,Mr,1,1,1,7.896,2.7862914460852606,Unknown,,5.96269878482053,3,0
3,male,36.0,0,0,7.4958,S,16,Mr,Mr,1,1,1,7.496,4.802689506123429,Unknown,,2.5980358106415977,3,0
1,female,38.0,0,0,227.525,C,29,Miss,Miss,1,1,4,56.881,0.1670146137787056,C,45.0,3.975943979627943,4,1
1,female,33.0,1,0,90.0,Q,22,Miss,Miss,2,0,2,45.0,0.3666666666666666,C,78.0,8.945522268940914,4,1
1,female,62.0,0,0,80.0,,41,Mrs,Mrs,1,1,2,40.0,0.775,B,28.0,0.3065250220580606,6,1
2,male,70.0,0,0,10.5,S,27,Mr,Mr,1,1,1,10.5,6.666666666666667,Unknown,,6.326218931339481,4,0
1,male,36.0,0,0,26.3875,S,32,Mr,Mr,1,1,1,26.388,1.3642823306489815,E,25.0,4.175807757849284,5,1
2,female,4.0,1,1,23.0,S,17,Miss,Miss,3,0,1,23.0,0.1739130434782608,Unknown,,2.6899340443509767,3,1
3,female,32.0,1,1,15.5,Q,29,Mrs,Mrs,3,0,2,7.75,2.064516129032258,Unknown,,5.074677337608362,4,0
3,male,16.0,1,1,20.25,S,27,Mr,Mr,3,0,2,10.125,0.7901234567901234,Unknown,,2.005247267003367,4,0
2,male,21.0,0,0,73.5,S,20,Mr,Mr,1,1,5,14.7,0.2857142857142857,Unknown,,4.926180939928696,4,0
3,male,,0,0,7.25,S,17,Mr,Mr,1,1,1,7.25,0.0,Unknown,,3.3424389081696084,3,0
2,male,42.0,0,0,13.0,S,33,Rev,Other,1,1,1,13.0,3.230769230769231,Unknown,,5.707783046689119,5,0
3,male,24.0,0,0,7.7958,S,18,Mr,Mr,1,1,1,7.796,3.078580774263065,Unknown,,4.894249636431405,3,0
2,male,27.0,0,0,13.0,S,20,Mr,Mr,1,1,1,13.0,2.076923076923077,Unknown,,8.14574720231382,4,0
3,female,15.0,0,0,8.0292,Q,27,Miss,Miss,1,1,1,8.029,1.8681811388432223,Unknown,,9.966368370739056,4,1
3,male,21.0,0,0,7.25,S,19,Mr,Mr,1,1,1,7.25,2.896551724137931,Unknown,,5.419009473783581,3,0
3,male,40.0,0,0,7.225,C,17,Mr,Mr,1,1,1,7.225,5.536332179930796,Unknown,,9.811861780274237,3,0
3,female,29.0,1,1,10.4625,S,42,Mrs,Mrs,3,0,2,5.231,2.771804062126643,G,6.0,3.1172206779554825,6,0
3,male,,0,0,7.2292,C,19,Mr,Mr,1,1,1,7.229,0.0,Unknown,,2.1825388786506417,3,0
3,female,11.0,4,2,31.275,S,33,Miss,Miss,7,0,7,4.468,0.3517186250999201,Unknown,,9.390676985128962,4,0
1,male,38.0,1,0,90.0,S,28,Mr,Mr,2,0,2,45.0,0.4222222222222222,C,93.0,3.5883048412350247,4,1
3,male,33.0,0,0,8.6625,C,19,Mr,Mr,1,1,1,8.662,3.8095238095238098,Unknown,,8.721239089441514,3,0
3,male,51.0,0,0,7.0542,S,27,Mr,Mr,1,1,1,7.054,7.229735476737263,Unknown,,3.4780920790219305,4,0
3,male,18.0,0,0,7.775,S,30,Mr,Mr,1,1,1,7.775,2.315112540192926,Unknown,,9.372284872364512,4,0
3,male,28.0,0,0,56.4958,S,13,Mr,Mr,1,1,7,8.071,0.4956120631976182,Unknown,,8.655071258939802,3,0
3,male,25.0,0,0,7.225,C,16,Mr,Mr,1,1,1,7.225,3.460207612456748,Unknown,,3.236102191495412,3,0
3,female,22.0,0,0,7.25,S,31,Miss,Miss,1,1,1,7.25,3.034482758620689,Unknown,,6.527461078518747,4,1
2,male,37.0,1,0,26.0,S,23,Mr,Mr,2,0,1,26.0,1.4230769230769231,Unknown,,9.949078226464351,4,0
1,female,24.0,0,0,83.1583,C,30,Miss,Miss,1,1,2,41.579,0.2886061884381956,C,54.0,8.028534485980114,4,1
3,male,20.0,0,0,7.2292,C,21,Mr,Mr,1,1,1,7.229,2.766557848724617,Unknown,,7.798509888933498,4,1
2,male,32.0,0,0,10.5,S,26,Mr,Mr,1,1,1,10.5,3.0476190476190474,Unknown,,4.591357562382613,4,0
1,male,45.0,0,0,26.55,S,45,Mr,Mr,1,1,1,26.55,1.694915254237288,Unknown,,5.812382214226123,7,1
2,female,6.0,0,1,33.0,S,33,Miss,Miss,2,0,3,11.0,0.1818181818181818,Unknown,,8.940992036791345,5,1
2,male,27.0,0,0,26.0,S,27,Mr,Mr,1,1,1,26.0,1.0384615384615383,Unknown,,9.840834691992953,5,0
3,male,19.0,0,0,8.05,S,26,Mr,Mr,1,1,1,8.05,2.3602484472049685,Unknown,,6.114542354346479,4,1
3,male,,0,0,7.8292,Q,20,Mr,Mr,1,1,1,7.829,0.0,Unknown,,7.682734138645182,3,0
2,female,38.0,0,0,13.0,S,25,Miss,Miss,1,1,1,13.0,2.923076923076923,Unknown,,1.8192813049527112,4,0
3,male,42.0,0,0,7.55,S,19,Mr,Mr,1,1,1,7.55,5.562913907284768,Unknown,,8.734232380816605,3,0
1,female,19.0,0,0,30.0,S,28,Miss,Miss,1,1,1,30.0,0.6333333333333333,B,42.0,2.487142725876299,4,1
2,female,40.0,0,0,15.75,S,50,Mrs,Mrs,1,1,1,15.75,2.5396825396825395,Unknown,,8.967654246264251,7,1
3,male,18.0,1,1,20.2125,S,27,Mr,Mr,3,0,2,10.106,0.8905380333951763,Unknown,,1.716792858483035,4,0
3,female,30.0,0,0,12.475,S,24,Miss,Miss,1,1,2,6.238,2.404809619238477,Unknown,,1.5190269351229435,3,1
2,female,36.0,0,0,13.0,S,23,Mrs,Mrs,1,1,1,13.0,2.769230769230769,D,,3.623938991166331,5,1
3,male,,0,0,7.2292,C,16,Mr,Mr,1,1,1,7.229,0.0,Unknown,,2.3754332492387764,3,0
3,male,20.0,1,0,7.925,S,27,Mr,Mr,2,0,1,7.925,2.5236593059936907,Unknown,,6.340057030996114,4,1
3,male,,0,0,7.8958,S,17,Mr,Mr,1,1,1,7.896,0.0,Unknown,,8.258167505647627,3,0
1,male,35.0,0,0,26.55,C,31,Mr,Mr,1,1,1,26.55,1.3182674199623352,Unknown,,5.929399348417031,6,1
2,male,3.0,1,1,26.0,S,26,Master,Master,3,0,3,8.667,0.1153846153846153,F,2.0,1.3441467693897424,4,1
3,male,,0,0,7.8958,S,22,Mr,Mr,1,1,1,7.896,0.0,Unknown,,6.680851365706461,3,0
2,male,36.0,1,2,27.75,S,21,Mr,Mr,4,0,3,9.25,1.2972972972972974,Unknown,,0.8279866792512647,4,0
1,female,50.0,0,1,247.5208,C,47,Mrs,Mrs,2,0,2,123.76,0.2020032255875061,B,58.0,1.1323804584075523,6,1
3,female,,8,2,69.55,S,33,Miss,Miss,11,0,7,9.936,0.0,Unknown,,4.922778564480348,5,0
1,male,65.0,0,0,26.55,S,25,Mr,Mr,1,1,1,26.55,2.4482109227871938,E,38.0,7.190459051842455,4,0
1,female,30.0,0,0,31.0,C,23,Miss,Miss,1,1,2,15.5,0.967741935483871,Unknown,,4.386154191895905,3,1
1,male,46.0,0,0,79.2,C,24,Mr,Mr,1,1,2,39.6,0.5808080808080808,B,82.0,7.064757264869011,3,0
3,female,4.0,0,1,13.4167,C,18,Miss,Miss,2,0,1,13.417,0.2981359052524093,Unknown,,0.2458691645880151,3,1
1,male,27.0,0,0,76.7292,C,18,Mr,Mr,1,1,3,25.576,0.3518868957320029,D,49.0,5.8217046017627325,3,1
2,female,41.0,0,1,19.5,S,41,Mrs,Mrs,2,0,2,9.75,2.102564102564102,Unknown,,2.517990589069528,5,1
2,female,29.0,1,0,26.0,S,45,Mrs,Mrs,2,0,1,26.0,1.1153846153846154,Unknown,,3.2749735217791462,6,1
1,female,,0,1,55.0,S,38,Mrs,Mrs,2,0,2,27.5,0.0,E,33.0,1.1203890216805237,5,1
3,male,20.0,1,1,15.7417,C,16,Mr,Mr,3,0,2,7.871,1.2705108088707064,Unknown,,0.8104621590764793,3,1
1,male,35.0,0,0,512.3292,C,22,Mr,Mr,1,1,3,170.776,0.0683154503003147,B,101.0,0.3252617949125191,4,1
3,male,,0,0,15.1,S,31,Mr,Mr,1,1,1,15.1,0.0,Unknown,,8.491956515653193,4,0
3,male,42.0,0,0,7.65,S,40,Mr,Mr,1,1,1,7.65,5.490196078431373,F,63.0,9.971245001577111,6,0
3,male,,0,0,7.8958,C,19,Mr,Mr,1,1,1,7.896,0.0,Unknown,,5.519068387744856,3,0
1,female,16.0,0,1,57.9792,C,28,Miss,Miss,2,0,2,28.99,0.2759610343019565,B,18.0,6.322642879195303,4,1
3,male,24.0,0,0,7.05,S,14,Mr,Mr,1,1,1,7.05,3.404255319148936,Unknown,,9.38340456821038,3,0
1,female,21.0,0,0,77.9583,S,29,Miss,Miss,1,1,3,25.986,0.2693747811329903,D,9.0,4.951465270139743,4,1
2,female,28.0,0,0,12.65,S,32,Mrs,Mrs,1,1,1,12.65,2.2134387351778657,Unknown,,3.796924081672669,6,1
2,female,27.0,1,0,13.8583,C,28,Miss,Miss,2,0,1,13.858,1.9482909159132076,Unknown,,4.453052550026655,5,1
2,male,18.0,0,0,73.5,S,25,Mr,Mr,1,1,5,14.7,0.2448979591836734,Unknown,,2.0498429541582097,4,0
1,male,,0,0,39.6,C,25,Dr,Other,1,1,1,39.6,0.0,Unknown,,2.4204501586252745,4,0
1,male,23.0,0,1,63.3583,C,31,Mr,Mr,2,0,1,63.358,0.3630147904852245,D,10.0,3.6426986104807546,4,1
3,female,13.0,0,0,7.2292,C,20,Miss,Miss,1,1,1,7.229,1.798262601671001,Unknown,,3.96923276201596,3,1
3,male,22.0,0,0,9.35,S,28,Mr,Mr,1,1,1,9.35,2.3529411764705883,Unknown,,8.772005408131083,5,0
3,female,16.0,0,0,7.7333,Q,32,Miss,Miss,1,1,1,7.733,2.068974435234635,Unknown,,2.459577283845081,4,1
3,male,47.0,0,0,7.25,S,26,Mr,Mr,1,1,1,7.25,6.482758620689655,Unknown,,8.837858849634257,4,0
3,male,,0,0,14.5,S,18,Mr,Mr,1,1,2,7.25,0.0,Unknown,,6.949818861265426,3,0
2,male,28.0,0,0,13.0,S,26,Mr,Mr,1,1,1,13.0,2.1538461538461537,Unknown,,2.0990559309558576,4,0
3,male,36.0,1,1,24.15,S,27,Mr,Mr,3,0,3,8.05,1.4906832298136647,Unknown,,1.738952492194873,5,0
2,male,19.0,0,0,10.5,S,25,Mr,Mr,1,1,1,10.5,1.809523809523809,Unknown,,3.924451074226354,4,1
3,female,,3,1,25.4667,S,23,Miss,Miss,5,0,4,6.367,0.0,Unknown,,3.769444294249076,3,0
3,male,22.0,0,0,7.125,S,29,Mr,Mr,1,1,1,7.125,3.087719298245614,Unknown,,3.3490561465708613,4,0
2,female,57.0,0,0,10.5,S,17,Mrs,Mrs,1,1,2,5.25,5.428571428571429,E,77.0,5.596486834869141,3,0
3,male,29.0,1,0,7.0458,S,25,Mr,Mr,2,0,1,7.046,4.115927219052486,Unknown,,4.348273386037462,4,0
3,male,26.0,2,0,8.6625,S,17,Mr,Mr,3,0,1,8.662,3.0014430014430014,Unknown,,2.5824438829895837,3,0
3,male,,0,0,8.05,S,17,Mr,Mr,1,1,1,8.05,0.0,Unknown,,0.1787393473341381,3,0
1,female,,1,0,146.5208,C,46,Mrs,Mrs,2,0,2,73.26,0.0,B,78.0,6.0617463445088005,6,1
3,male,32.0,0,0,7.8958,S,19,Mr,Mr,1,1,1,7.896,4.052787557942197,Unknown,,8.289154741506774,3,0
3,female,,0,0,7.7333,Q,32,Miss,Miss,1,1,1,7.733,0.0,Unknown,,4.459027063767484,4,1
3,male,,0,0,7.8958,S,18,Mr,Mr,1,1,1,7.896,0.0,Unknown,,9.208478478156868,3,0
2,female,32.0,0,0,13.0,S,19,Mrs,Mrs,1,1,1,13.0,2.4615384615384617,Unknown,,5.325894325515859,3,1
1,female,40.0,0,0,153.4625,S,25,Miss,Miss,1,1,3,51.154,0.2606499959273438,C,125.0,1.2951492128280415,4,1
1,female,48.0,1,0,39.6,C,65,Lady,Other,2,0,1,39.6,1.2121212121212122,A,16.0,2.387771457683024,8,1
1,male,40.0,0,0,31.0,C,16,Mr,Mr,1,1,1,31.0,1.2903225806451613,A,31.0,7.308674752036443,3,1
2,male,23.0,0,0,10.5,S,16,Dr,Other,1,1,1,10.5,2.1904761904761907,Unknown,,2.594234334312925,3,0
3,male,18.0,0,0,7.7958,S,31,Mr,Mr,1,1,1,7.796,2.3089355806972987,Unknown,,7.496518317429247,4,0
1,male,,0,0,31.0,S,21,Mr,Mr,1,1,2,15.5,0.0,Unknown,,6.939484444671001,3,0
3,male,33.0,0,0,7.8958,S,18,Mr,Mr,1,1,1,7.896,4.17943716912789,Unknown,,0.7349674733001266,3,0
3,male,22.0,1,0,7.25,S,23,Mr,Mr,2,0,1,7.25,3.034482758620689,Unknown,,6.134151959357899,4,0
3,female,15.0,0,0,7.225,C,32,Miss,Miss,1,1,1,7.225,2.0761245674740487,Unknown,,3.251900642246949,5,1
2,female,22.0,1,2,41.5792,C,53,Mrs,Mrs,4,0,3,13.86,0.5291107092007542,Unknown,,2.6560004258870604,7,1
3,female,,1,2,23.45,S,40,Miss,Miss,4,0,2,11.725,0.0,Unknown,,6.171449866040301,5,0
2,male,23.0,2,1,11.5,S,27,Mr,Mr,4,0,1,11.5,2.0,Unknown,,3.152903378306103,4,0
3,female,29.0,0,4,21.075,S,43,Mrs,Mrs,5,0,4,5.269,1.376037959667853,Unknown,,6.796472826930699,6,0
3,male,35.0,0,0,7.8958,C,18,Mr,Mr,1,1,1,7.896,4.432736391499278,Unknown,,4.217209268734554,3,0
2,male,29.0,1,0,21.0,S,31,Mr,Mr,2,0,2,10.5,1.380952380952381,Unknown,,7.474709381337565,5,0
2,male,44.0,1,0,26.0,S,17,Mr,Mr,2,0,1,26.0,1.6923076923076923,Unknown,,3.8389122137321134,3,0
1,male,36.0,1,0,78.85,S,29,Mr,Mr,2,0,2,39.425,0.456563094483196,C,46.0,4.815223515125501,4,0
3,male,,0,0,7.8958,S,20,Mr,Mr,1,1,1,7.896,0.0,Unknown,,2.244405718366606,3,0
3,male,,0,0,6.95,Q,15,Mr,Mr,1,1,1,6.95,0.0,Unknown,,6.503256863469369,3,0
2,female,48.0,1,2,65.0,S,32,Mrs,Mrs,4,0,2,32.5,0.7384615384615385,Unknown,,0.1162053990810063,5,1
3,male,16.0,0,0,9.5,S,25,Mr,Mr,1,1,1,9.5,1.6842105263157894,Unknown,,5.05888678884466,4,0
2,male,32.0,1,0,26.0,S,17,Mr,Mr,2,0,2,13.0,1.2307692307692308,Unknown,,7.987832357736654,3,1
2,female,3.0,1,2,41.5792,C,40,Miss,Miss,4,0,3,13.86,0.0721514603455573,Unknown,,5.609379715353863,6,1
1,male,38.0,0,0,0.0,S,31,Jonkheer,Other,1,1,1,0.0,0.0,Unknown,,2.2845474133129877,4,0
2,female,26.0,1,1,26.0,S,37,Mrs,Mrs,3,0,1,26.0,1.0,Unknown,,3.334991716911442,5,0
2,male,0.67,1,1,14.5,S,25,Master,Master,3,0,2,7.25,0.0462068965517241,Unknown,,0.7244688779455888,3,1
1,male,,0,0,50.0,S,21,Mr,Mr,1,1,1,50.0,0.0,A,32.0,6.1062004244163255,4,0
1,male,40.0,0,0,27.7208,C,24,Don,Other,1,1,1,27.721,1.4429597991399958,Unknown,,9.540510272587223,4,0
1,female,54.0,1,0,78.2667,C,30,Miss,Miss,2,0,2,39.133,0.6899485988293872,D,20.0,6.922765645178525,4,1
3,male,28.0,0,0,7.8542,S,32,Mr,Mr,1,1,1,7.854,3.5649716075475544,Unknown,,5.862298320167972,5,0
2,female,4.0,2,1,39.0,S,27,Miss,Miss,4,0,2,19.5,0.1025641025641025,F,4.0,3.72688517012314,4,1
3,male,18.0,1,0,6.4958,S,25,Mr,Mr,2,0,1,6.496,2.771021275285569,Unknown,,6.718927435987284,4,0
3,male,18.0,0,0,8.3,S,22,Mr,Mr,1,1,1,8.3,2.1686746987951806,Unknown,,7.42706521199981,4,0
3,male,9.0,4,2,31.3875,S,37,Master,Master,7,0,4,7.847,0.2867383512544803,Unknown,,5.07610378684455,5,0
3,male,36.0,0,0,7.8958,S,19,Mr,Mr,1,1,1,7.896,4.559386002684971,Unknown,,4.811401018548175,3,0
1,female,36.0,0,0,135.6333,C,24,Miss,Miss,1,1,3,45.211,0.2654215447091533,C,32.0,4.189254495045479,4,1
3,male,25.0,0,0,7.05,S,22,Mr,Mr,1,1,1,7.05,3.546099290780142,Unknown,,3.3700317643128628,4,0
2,male,54.0,0,0,26.0,S,26,Mr,Mr,1,1,2,13.0,2.076923076923077,Unknown,,6.077367948788591,4,0
3,female,9.0,2,2,34.375,S,32,Miss,Miss,5,0,4,8.594,0.2618181818181818,Unknown,,3.630822963986351,5,0
1,female,52.0,1,0,78.2667,C,47,Mrs,Mrs,2,0,2,39.133,0.6643949470208914,D,20.0,9.691026301408112,6,1
2,male,34.0,0,0,13.0,S,21,Mr,Mr,1,1,1,13.0,2.6153846153846154,D,56.0,9.997176732861304,3,1
2,female,42.0,0,0,13.0,S,24,Mrs,Mrs,1,1,1,13.0,3.230769230769231,Unknown,,8.707499012725114,3,1
3,male,22.0,0,0,9.0,S,20,Mr,Mr,1,1,1,9.0,2.4444444444444446,Unknown,,1.3882717264941014,3,0
3,female,45.0,1,4,27.9,S,47,Mrs,Mrs,6,0,6,4.65,1.6129032258064515,Unknown,,3.9785559904574166,6,0
3,male,20.0,0,0,7.05,S,30,Mr,Mr,1,1,1,7.05,2.8368794326241136,Unknown,,3.220791655831783,4,0
3,male,,0,0,7.75,Q,28,Mr,Mr,1,1,1,7.75,0.0,Unknown,,0.7219840897917584,4,1
3,male,35.0,0,0,7.05,S,15,Mr,Mr,1,1,1,7.05,4.964539007092199,Unknown,,4.087341710980964,3,0
3,male,30.0,0,0,7.2292,C,28,Mr,Mr,1,1,1,7.229,4.149836773086926,Unknown,,3.3945019254280604,4,0
3,male,,2,0,21.6792,C,19,Mr,Mr,3,0,1,21.679,0.0,Unknown,,7.55137255673619,3,0
3,female,27.0,0,2,11.1333,S,49,Mrs,Mrs,3,0,3,3.711,2.425156961547789,Unknown,,9.872761293149445,7,1
3,female,,1,0,14.4542,C,21,Miss,Miss,2,0,2,7.227,0.0,Unknown,,1.1689804070836407,3,0
1,male,39.0,0,0,0.0,S,22,Mr,Mr,1,1,1,0.0,0.0,A,36.0,5.264026609361132,4,0
1,male,48.0,1,0,76.7292,C,25,Mr,Mr,2,0,3,25.576,0.6255767035235608,D,33.0,7.527166395576412,4,1
3,male,22.0,0,0,7.5208,S,25,Mr,Mr,1,1,1,7.521,2.925220721199872,Unknown,,2.464020332391068,4,0
3,male,20.0,0,0,7.925,S,27,Mr,Mr,1,1,1,7.925,2.5236593059936907,Unknown,,8.670314961224486,4,0
1,female,24.0,0,0,49.5042,C,48,Mlle,Other,1,1,1,49.504,0.4848073496794212,C,90.0,9.508635622504103,7,1
1,female,22.0,1,0,66.6,S,33,Mrs,Mrs,2,0,2,33.3,0.3303303303303304,C,2.0,9.865152487929796,5,1
3,female,,1,1,22.3583,C,17,Miss,Miss,3,0,2,11.179,0.0,F,69.0,2.6924323094938094,3,1
3,male,32.0,1,0,15.85,S,26,Mr,Mr,2,0,2,7.925,2.018927444794953,Unknown,,8.306194077877292,4,0
1,female,31.0,1,0,113.275,C,23,Miss,Miss,2,0,3,37.758,0.2736702714632531,D,36.0,8.41828776758272,3,1
3,male,0.42,0,1,8.5167,C,31,Master,Master,2,0,1,8.517,0.0493148754799394,Unknown,,8.172977699624937,4,1
2,female,29.0,0,0,10.5,S,28,Mrs,Mrs,1,1,1,10.5,2.761904761904762,F,33.0,1.4707348092903794,4,1
2,male,28.0,0,0,13.5,S,26,Mr,Mr,1,1,1,13.5,2.074074074074074,Unknown,,0.4209318963636188,4,0
2,female,32.5,0,0,13.0,S,19,Miss,Miss,1,1,1,13.0,2.5,E,101.0,5.321134852653157,3,1
3,female,21.0,2,2,34.375,S,36,Miss,Miss,5,0,4,8.594,0.610909090909091,Unknown,,1.3688563006880727,5,0
2,male,36.0,0,0,12.875,C,22,Mr,Mr,1,1,1,12.875,2.796116504854369,D,,5.762883601668132,4,0
3,male,40.0,0,0,7.8958,S,17,Mr,Mr,1,1,1,7.896,5.065984447427746,Unknown,,2.3360775104990994,3,0
3,female,17.0,4,2,7.925,S,31,Miss,Miss,7,0,1,7.925,2.145110410094637,Unknown,,4.921162930795382,4,1
3,male,40.0,1,1,15.5,Q,16,Mr,Mr,3,0,2,7.75,2.5806451612903225,Unknown,,1.5436271527420231,3,0
3,female,28.0,0,0,7.8958,S,23,Miss,Miss,1,1,1,7.896,3.5461891131994223,Unknown,,0.3931213984109893,3,0
3,male,6.0,0,1,12.475,S,19,Master,Master,2,0,2,6.238,0.4809619238476954,E,121.0,7.975591006371881,3,1
3,female,24.0,0,3,19.2583,C,37,Mrs,Mrs,4,0,4,4.815,1.2462159172928038,Unknown,,1.7968310887024197,5,1
1,male,,0,0,30.5,S,21,Mr,Mr,1,1,1,30.5,0.0,C,106.0,4.508393714041321,3,1
2,female,8.0,0,2,26.25,S,32,Miss,Miss,3,0,3,8.75,0.3047619047619048,Unknown,,5.435528611139886,4,1
1,female,18.0,1,0,227.525,C,49,Mrs,Mrs,2,0,4,56.881,0.0791121854741237,C,62.0,4.261813022359729,7,1
3,male,34.0,0,0,6.4958,S,26,Mr,Mr,1,1,1,6.496,5.23415129776163,Unknown,,4.715761885501584,4,0
1,male,49.0,1,0,56.9292,C,44,Sir,Other,2,0,2,28.465,0.8607182254449386,A,20.0,1.5389590633985506,7,1
3,male,70.5,0,0,7.75,Q,20,Mr,Mr,1,1,1,7.75,9.096774193548388,Unknown,,4.625347161331479,3,0
3,female,,0,0,7.2292,C,30,Mrs,Mrs,1,1,1,7.229,0.0,Unknown,,6.589239419101514,4,1
3,female,,1,0,24.15,Q,19,Miss,Miss,2,0,3,8.05,0.0,Unknown,,7.482596903836583,3,1
3,male,19.0,0,0,8.1583,S,24,Mr,Mr,1,1,1,8.158,2.3289165634997486,Unknown,,9.265876251614944,4,0
3,male,25.0,0,0,7.25,S,34,Mr,Mr,1,1,1,7.25,3.4482758620689653,Unknown,,2.0015024424481007,5,0
1,female,25.0,1,2,151.55,S,47,Mrs,Mrs,4,0,4,37.888,0.1649620587264929,C,22.0,2.49668008859186,8,0
1,male,42.0,1,0,52.0,S,30,Mr,Mr,2,0,2,26.0,0.8076923076923077,Unknown,,3.5816271803284048,4,0
3,male,21.0,0,0,7.925,S,25,Mr,Mr,1,1,1,7.925,2.649842271293376,Unknown,,6.68643219924431,4,0
3,male,,0,0,7.8958,S,20,Mr,Mr,1,1,1,7.896,0.0,Unknown,,5.230654247691193,3,0
2,male,,0,0,0.0,S,27,Mr,Mr,1,1,3,0.0,0.0,Unknown,,4.008514167636399,4,0
1,female,22.0,0,0,151.55,S,20,Miss,Miss,1,1,4,37.888,0.1451666116793137,Unknown,,6.545112142811353,3,1
3,male,45.0,0,0,6.975,S,18,Mr,Mr,1,1,1,6.975,6.451612903225807,Unknown,,3.7728416310462265,3,0
3,male,,1,0,19.9667,S,31,Mr,Mr,2,0,1,19.967,0.0,Unknown,,6.031521094663882,5,0
3,female,,0,0,7.75,Q,24,Miss,Miss,1,1,1,7.75,0.0,Unknown,,2.2864280550346274,4,1
1,male,33.0,0,0,5.0,S,24,Mr,Mr,1,1,1,5.0,6.6,B,51.0,9.694123223352875,4,0
1,female,22.0,0,2,49.5,C,34,Miss,Miss,3,0,1,49.5,0.4444444444444444,B,39.0,0.2126941085038713,4,1
2,male,32.0,2,0,73.5,S,18,Mr,Mr,3,0,5,14.7,0.4353741496598639,Unknown,,5.3998537971585545,3,0
2,female,22.0,1,1,29.0,S,51,Mrs,Mrs,3,0,2,14.5,0.7586206896551724,Unknown,,1.763869865062233,7,1
3,male,37.0,2,0,7.925,S,30,Mr,Mr,3,0,1,7.925,4.668769716088328,Unknown,,8.735786241067773,4,0
1,female,50.0,0,0,28.7125,C,26,Miss,Miss,1,1,1,28.712,1.74140182847192,C,49.0,2.7997909366028417,4,0
1,male,50.0,1,0,106.425,C,26,Mr,Mr,2,0,2,53.212,0.4698144233027954,C,86.0,9.979341105333376,4,0
3,female,,0,0,8.1375,Q,19,Miss,Miss,1,1,1,8.137,0.0,Unknown,,0.673506014687717,3,0
2,male,34.0,1,0,21.0,S,23,Mr,Mr,2,0,2,10.5,1.619047619047619,Unknown,,6.88402396427736,4,0
2,male,,0,0,13.8625,C,26,Mr,Mr,1,1,1,13.862,0.0,Unknown,,4.019309136092422,5,1
3,female,0.75,2,1,19.2583,C,29,Miss,Miss,4,0,4,4.815,0.0389442474154001,Unknown,,5.968428489168892,4,1
3,female,48.0,1,3,34.375,S,39,Mrs,Mrs,5,0,4,8.594,1.3963636363636365,Unknown,,1.3124487768238755,6,0
1,male,47.0,0,0,38.5,S,17,Mr,Mr,1,1,1,38.5,1.2207792207792207,E,63.0,7.325720972102503,4,0
3,male,27.0,0,0,8.6625,S,17,Mr,Mr,1,1,1,8.662,3.116883116883117,Unknown,,7.192017782722639,3,1
